slug,published,status,length,content
2006/08/tweet-19952,2006-08-24T00:00:00Z,Y,33,I am at work playing with Twitter
2006/09/tweet-25340,2006-09-04T00:00:00Z,Y,36,Back at the office... with a cold :(
2006/09/tweet-26527,2006-09-07T00:00:00Z,Y,29,Crying about my scratched car
2006/09/tweet-27069,2006-09-08T00:00:00Z,Y,29,Testing this with my phone...
2006/09/tweet-27234,2006-09-08T00:00:00Z,Y,58,off home to have a barbeque in the last of the summer sun.
2006/09/tweet-27690,2006-09-09T00:00:00Z,Y,85,on my way to the Emirates Stadium to watch the Arsenal. Should be a debut for Gallas.
2006/09/tweet-27801,2006-09-09T00:00:00Z,Y,85,Wishing Arsenal could be a bit more direct and stop trying to score the Perfect Goal.
2006/09/tweet-27806,2006-09-09T00:00:00Z,Y,113,Thinking my so-called twitter friends are jealous that I follow by far the greatest team the world has ever seen.
2006/09/tweet-27808,2006-09-09T00:00:00Z,Y,84,Wishing I was eating spag bol instead of sitting on a train with the general public.
2006/09/tweet-29668,2006-09-13T00:00:00Z,Y,45,Waiting for my club sandwich to toast at Eat.
2006/09/tweet-30151,2006-09-14T00:00:00Z,Y,74,Feeling smug about my five minute stroll to work. All about working local.
2006/09/tweet-30905,2006-09-15T00:00:00Z,Y,38,I am being geeky at 51:28:52N 0:36:24W
2006/09/tweet-30908,2006-09-15T00:00:00Z,Y,74,Trying not to mess up my co-ordinates this time... lat:51.4811 lng:-0.6066
2006/09/tweet-33717,2006-09-22T00:00:00Z,Y,39,Wishing Tim a happy bday twitter style.
2006/09/tweet-33889,2006-09-22T00:00:00Z,Y,65,Thinking Tim should be blowing out candles and not being geeky...
2006/09/tweet-34582,2006-09-24T00:00:00Z,Y,96,Miffed that they've stopped serving roast beef and only have turkey left. It's not Christmas FFS
2006/09/tweet-36414,2006-09-28T00:00:00Z,Y,72,nodding head in agreement with Ian. It's never about live music in pubs.
2006/10/tweet-37619,2006-10-01T00:00:00Z,Y,16,All about black.
2006/10/tweet-39230,2006-10-05T00:00:00Z,Y,48,Worried about the mental health of my colleague.
2006/10/tweet-39232,2006-10-05T00:00:00Z,Y,37,Worried that everyone's gone bonkers.
2006/10/tweet-41515,2006-10-11T00:00:00Z,Y,91,needing more sleep - flight path is currently over my flat and planes began landing at 5am.
2006/10/tweet-43115,2006-10-14T00:00:00Z,Y,92,Wishing Ian a happy birthday. Welcome to the 25-34 demographic! Enjoy your geek gadget mate.
2006/10/tweet-44880,2006-10-18T00:00:00Z,Y,105,Sitting next to a big stone African head in Project Orange inClapham. Thinking about getting some crisps.
2006/10/tweet-44883,2006-10-18T00:00:00Z,Y,98,"Convinced the stone head's big, cold, soulless eyes are watching me. Too scared to get crisps now."
2006/10/tweet-44888,2006-10-18T00:00:00Z,Y,104,Amused that my twits are confusing others for a change. Hope these aren't waking Pand in Seattle though.
2006/10/tweet-44890,2006-10-18T00:00:00Z,Y,66,Ooh and a big shout out to Poorly Timmy. Get well soon! Peace out.
2006/10/tweet-44892,2006-10-18T00:00:00Z,Y,84,Nah. Just bored waiting for a mate and with a million free texts from Orange to use.
2006/10/tweet-46675,2006-10-22T00:00:00Z,Y,84,"Very pleased with my confident 4-0 prediction for Arsenal v Reading. Chin up, Ian..."
2006/10/tweet-46998,2006-10-23T00:00:00Z,Y,78,Getting excited by the prospect of squeezeboxing with my new toy this evening.
2006/10/tweet-47006,2006-10-23T00:00:00Z,Y,64,"I may be a geek but my personal radio is where it's at, eh Mark?"
2006/10/tweet-48742,2006-10-26T00:00:00Z,Y,64,Chuffed that I can now twitter from GTalk. Testing this out now.
2006/10/tweet-48754,2006-10-26T00:00:00Z,Y,88,"I want to make it clear that, despite Alex's Twit, I don't have to pay £19.95 per month."
2006/11/tweet-54109,2006-11-01T00:00:00Z,Y,63,Not about fixed awards. We woz robbed! Next year it'll be ours.
2006/11/tweet-63014,2006-11-11T00:00:00Z,Y,104,Irritated with the lack of signal in my own flat in the countryside. Never had these problems in London.
2006/11/tweet-66485,2006-11-14T00:00:00Z,Y,129,"Drinking lager, working and also looking forward to Gordon Ramsay shouting at stupid people. Hoping he makes someone cry tonight."
2006/11/tweet-73422,2006-11-18T00:00:00Z,Y,75,Waiting for Alex to curl her hair before heading off to Mark and Nu's party
2006/11/tweet-73856,2006-11-19T00:00:00Z,Y,66,Shocked that Donna farted in her own car and then blamed it on me.
2006/11/tweet-73860,2006-11-19T00:00:00Z,Y,107,Pleased that my choice of tunes will have helped Mark gain an air of respectability on last.fm at long last
2006/11/tweet-76980,2006-11-20T00:00:00Z,Y,107,Travelling on the interminably slow Windsor to Waterloo line. No power left on my DS. Losing will to live. 
2006/11/tweet-423613,2006-11-29T00:00:00Z,Y,39,Just testing Ben Ward's Twitter Widget.
2006/12/tweet-969073,2006-12-11T00:00:00Z,Y,151,Thinking that Tim's Chief Geek title may have been stolen by Ian in the Blairster's absence. Also hoping the man comes to fix my boiler tomorrow. Brrr.
2006/12/tweet-969263,2006-12-11T00:00:00Z,Y,111,Contemplating recipes for my box of wholesome Abel & Cole organic fruit and veg. The apples are rubbish though.
2006/12/tweet-1027113,2006-12-12T00:00:00Z,Y,57,Watching Girls Aloud in a haunted house on ITV2. TV gold.
2006/12/tweet-1074123,2006-12-13T00:00:00Z,Y,92,Feeling smug that my Christmas shopping is over half done. On course for a new personal best
2006/12/tweet-1113353,2006-12-14T00:00:00Z,Y,90,"Sad that I'm now sitting in the naughty room, working on a laptop, bereft of dual monitors"
2006/12/tweet-1486993,2006-12-21T00:00:00Z,Y,83,Wondering why our Christmas party is beginning with a company-wide game of hangman.
2006/12/tweet-1505073,2006-12-21T00:00:00Z,Y,91,Thinking that Ubuntu boy should be patching his kernel rather than out in the real world...
2006/12/tweet-1507093,2006-12-21T00:00:00Z,Y,8,Is full.
2006/12/tweet-1507303,2006-12-21T00:00:00Z,Y,7,Is bov.
2006/12/tweet-1507593,2006-12-21T00:00:00Z,Y,77,Pand would twit but his chocolate phone keys aren't backlit so he's buggered.
2006/12/tweet-1508153,2006-12-21T00:00:00Z,Y,38,Sad that i'll never be as cool as Tim.
2007/01/tweet-2212513,2007-01-05T00:00:00Z,Y,72,Suffering from a poorly throat. Grrr. Only ever ill when on a day off...
2007/01/tweet-2846523,2007-01-14T00:00:00Z,Y,52,Looking at Bon's Twitter page - http://twitter.com/x
2007/01/tweet-2935693,2007-01-15T00:00:00Z,Y,81,Enjoying Twitterific. And happy that I have made my own Dashboard widget doobrie.
2007/01/tweet-3107973,2007-01-17T00:00:00Z,Y,54,Thinking Mark is a little bit obsessed with Mrs Carson
2007/01/tweet-3458243,2007-01-20T00:00:00Z,Y,82,"Very pleased with my mango, kiwifruit and apple smoothie I've just blended myself."
2007/01/tweet-4519973,2007-01-29T00:00:00Z,Y,112,Having mixed feelings about going to Microsoft's Designertopia conference on Thursday. Must take an open mind...
2007/02/tweet-5366815,2007-02-08T00:00:00Z,Y,9,Woo snow!
2007/02/tweet-5435213,2007-02-11T00:00:00Z,Y,61,Convinced that Guitar Hero is the best thing evaaaar. I rock.
2007/02/tweet-5501056,2007-02-14T00:00:00Z,Y,107,Laughing at Mac-dissing PC boy Ian because Apple won't let him have a MacBook. That's karma boys and girls.
2007/02/tweet-5621550,2007-02-21T00:00:00Z,Y,90,At FoWA being interested by Simon Willison's idea of a social whitelist of trusted OpenIDs
2007/02/tweet-5734310,2007-02-27T00:00:00Z,Y,88,Back from Barcelona. Shocked that I haven't checked my feeds for over a fortnight. Gulp.
2007/03/tweet-5792456,2007-03-02T00:00:00Z,Y,70,excited that i have a free copy of windows vista ultimate to play with
2007/03/tweet-6296191,2007-03-10T00:00:00Z,Y,73,Tired. Wishing I wasn't at work this morning. Thinking about greasy food.
2007/03/tweet-6706261,2007-03-11T00:00:00Z,Y,76,"Enthralled by Bullseye. It's perfection: mullets, terrible prizes and Bully."
2007/03/tweet-6740451,2007-03-11T00:00:00Z,Y,130,Watching dogs dancing at Crufts on telly. You wouldn't get cats degrading themselves like that. Dogs clearly have no self respect.
2007/03/tweet-6741911,2007-03-11T00:00:00Z,Y,33,Paraphernalia is a fabulous word.
2007/03/tweet-7128151,2007-03-12T00:00:00Z,Y,52,Feeling sorry for poor Tim and his Ghostscript Hell.
2007/03/tweet-8119181,2007-03-15T00:00:00Z,Y,62,Sitting in the sunshine in St James's Square watching magpies.
2007/03/tweet-10036071,2007-03-20T00:00:00Z,Y,37,saying hello to andy's microsoft pals
2007/03/tweet-11519111,2007-03-23T00:00:00Z,Y,62,"testing the apollo twitter app. mine's cross platform, pand..."
2007/04/tweet-21014241,2007-04-06T00:00:00Z,Y,66,Concerned that my brain is 35 years old according to Dr Kawashima.
2007/04/tweet-21439461,2007-04-07T00:00:00Z,Y,81,feeling very smug with myself because I have a Wii and it is the best thing ever.
2007/04/tweet-27856171,2007-04-14T00:00:00Z,Y,23,Twittering from my Wii!
2007/04/tweet-29987411,2007-04-16T00:00:00Z,Y,19,Who is Mark Ronson?
2007/04/tweet-31891201,2007-04-18T00:00:00Z,Y,30,Ryan Singer is Jesus isn't he?
2007/04/tweet-31892711,2007-04-18T00:00:00Z,Y,47,I can't see because Sideshow Bob is in the way.
2007/04/tweet-32221971,2007-04-18T00:00:00Z,Y,63,Microsoft hate developers. We break designers' eggs apparently.
2007/04/tweet-32413871,2007-04-18T00:00:00Z,Y,107,irritated with myself for having a headache that caused me to miss going for a lovely curry with the chaps.
2007/04/tweet-36123022,2007-04-22T00:00:00Z,Y,70,concerned for the poor pizza cook that Ian has imprisoned in his oven.
2007/04/tweet-37315572,2007-04-23T00:00:00Z,Y,106,Feeling smug about my homemade Tagliatelle al Ragù which is now simmering nicely. Dolmio can kiss my arse.
2007/05/tweet-46286452,2007-05-01T00:00:00Z,Y,88,Well done for finishing your exams Debbie! Don't forget to create your Wii for Sunday :)
2007/05/tweet-46287262,2007-05-01T00:00:00Z,Y,25,"Er, I mean Mii of course."
2007/05/tweet-46881442,2007-05-02T00:00:00Z,Y,135,"Had text from my dad - afer seeing my Wii and playing Wii Sports, my parents bought themselves one yesterday. Their first ever console!"
2007/05/tweet-48174002,2007-05-03T00:00:00Z,Y,84,Wondering if there are any major UK media companies left for Ian to get angry about.
2007/05/tweet-53621372,2007-05-07T00:00:00Z,Y,110,Thinking about getting a new motor. My poor Polo just doesn't cut it any more. I need a car with toys I think.
2007/05/tweet-56911932,2007-05-09T00:00:00Z,Y,66,Thinking that Dom doesn't appreciate inane banter enough to tweet.
2007/05/tweet-72860302,2007-05-21T00:00:00Z,Y,54,Thinking that my beard would certainly be the manliest
2007/06/tweet-97558722,2007-06-09T00:00:00Z,Y,88,Full of seafood and nicely relaxed. The Crab is marvellous. Enjoying the swing band too.
2007/06/tweet-101066152,2007-06-12T00:00:00Z,Y,85,Running late. Been with Alex in A and E. She sprained her foot in Vanilla last night.
2007/06/tweet-103425702,2007-06-13T00:00:00Z,Y,40,delighted to be a mere 37.32% mainstream
2007/06/tweet-103426302,2007-06-13T00:00:00Z,Y,41,wondering if @flatpackedworld is blubbing
2007/06/tweet-103974692,2007-06-14T00:00:00Z,Y,76,"wondering if @timblair has become a tramp, scraping around for dropped coins"
2007/07/tweet-135968022,2007-07-05T00:00:00Z,Y,65,Do keep up @flatpackedworld. Even my Mum's a pro at Wii Tennis...
2007/07/tweet-136008092,2007-07-05T00:00:00Z,Y,45,Listening to Alex squeal at photos of bunnies
2007/07/tweet-139807672,2007-07-08T00:00:00Z,Y,87,Settling down for an afternoon of the British Grand Prix and the Wimbledon Men's Final.
2007/07/tweet-159174862,2007-07-20T00:00:00Z,Y,92,Dogs in office + women = zero productivity. Even my headphones can't drown out the giggling.
2007/07/tweet-160893312,2007-07-21T00:00:00Z,Y,106,"Woo. Despite what the muppet in the Orange shop said, I *can* have an upgrade. New K810i arriving Tuesday."
2007/07/tweet-160896082,2007-07-21T00:00:00Z,Y,66,Hasn't @flatpackedworld got enough gadgets? Can one have too many?
2007/07/tweet-162746222,2007-07-22T00:00:00Z,Y,87,Lying in a hot tub drinking champagne and eating handmade chocolates. It's a hard life.
2007/07/tweet-174367372,2007-07-29T00:00:00Z,Y,106,Windsor's packed with toffs waiting for non-existant taxis to Cartier. They're getting rather eggy. Bless.
2007/08/tweet-188017422,2007-08-05T00:00:00Z,Y,8,Too hot.
2007/08/tweet-200037482,2007-08-11T00:00:00Z,Y,135,"Found out my neighbours' children are called Isobel and Sebastian. Sadly, she's Izzy, thus wasting the opportunity to be an indie band."
2007/08/tweet-216522352,2007-08-20T00:00:00Z,Y,26,Barry is craving a mojito.
2007/08/tweet-219725462,2007-08-22T00:00:00Z,Y,35,Itching to go on holiday right now.
2007/08/tweet-234962022,2007-08-29T00:00:00Z,Y,18,"Wake up, @timblair"
2007/09/tweet-242824322,2007-09-02T00:00:00Z,Y,87,Why am I always waiting for a delayed Slough to Windsor train. It's only got two stops!
2007/09/tweet-259713442,2007-09-10T00:00:00Z,Y,69,"A bit sunburnt, but nicely relaxed after a lovely holiday in Madeira."
2007/09/tweet-263120532,2007-09-12T00:00:00Z,Y,23,Wondering who Lavell is
2007/09/tweet-264593832,2007-09-12T00:00:00Z,Y,101,Thinking that Plambo will be quarantined in the Great Park tomorrow and won't be able to get to work.
2007/10/tweet-316644802,2007-10-06T00:00:00Z,Y,109,Thinking that children should be seen and not heard. Especially when he's trying to bravely do some shopping.
2007/10/tweet-333872132,2007-10-13T00:00:00Z,Y,59,I want my money back. Lulu's 'Shout' is not eighties music.
2007/10/tweet-345517152,2007-10-18T00:00:00Z,Y,79,Locking up the office myself because everyone's buggered off at 5.45. Slackers.
2007/10/tweet-350617742,2007-10-20T00:00:00Z,Y,102,Recovering from his ex-workmates trying to kill him with evil shots. Great night though! Thanks peeps.
2007/10/tweet-350748952,2007-10-20T00:00:00Z,Y,59,Calling DS owners: the new Zelda game is fantastic. Get it.
2007/10/tweet-352585672,2007-10-21T00:00:00Z,Y,96,Annoyed that Hamilton isn't winning and is therefore making me waste my life watching boring F1.
2007/10/tweet-355204792,2007-10-22T00:00:00Z,Y,58,My mojitos are the best. Top tip: use lots of mint leaves.
2007/10/tweet-358111672,2007-10-23T00:00:00Z,Y,54,Enoying the footballing masterclass by Arsenal on ITV4
2007/10/tweet-365787262,2007-10-26T00:00:00Z,Y,88,chuckling at the audio torture I no longer have to endure. Thinking it must be @timblair
2007/11/tweet-381467692,2007-11-01T00:00:00Z,Y,72,I'm getting Leopard in the morning. Ding dong the bells are gonna chime.
2007/11/tweet-387684772,2007-11-04T00:00:00Z,Y,139,Ordered a 250Gb drive ready for a fresh install of Leopard on my MacBook. Old 80Gb is going in an enclosure so I won't need to do a backup.
2007/11/tweet-390693922,2007-11-05T00:00:00Z,Y,28,Coveting Super Mario Galaxy.
2007/11/tweet-408876472,2007-11-12T00:00:00Z,Y,75,Pleased that our Houdini rabbit has turned up in one piece. Little monster.
2007/11/tweet-445810042,2007-11-26T00:00:00Z,Y,134,Wondering if my flawless ex colleagues are trapped in some sort of soft focus lens bubble or perhaps victims of an airbrushing madman.
2007/12/tweet-481863782,2007-12-08T00:00:00Z,Y,140,My lounge is now filled with a stupidly big tree that we bought from local gypsies. It was @liljauk's choice. The rabbit is now eyeing i ...
2007/12/tweet-483423052,2007-12-09T00:00:00Z,Y,68,Ticket secured for Radiohead in London... only seven months to wait!
2007/12/tweet-524333522,2007-12-22T00:00:00Z,Y,73,Christmas shopping done. Time to begin gorging myself with food and wine!
2008/01/tweet-591672262,2008-01-12T00:00:00Z,Y,9,In a car.
2008/01/tweet-591681572,2008-01-12T00:00:00Z,Y,77,Reading Tim's tweet about being bored of reading other tweets while in a car.
2008/01/tweet-594972022,2008-01-13T00:00:00Z,Y,132,Just played Pearl Jam's Even Flow on Guitar Hero 3. Worth the price of the game on its own. The hairs on my neck are still tingling!
2008/01/tweet-601430092,2008-01-15T00:00:00Z,Y,81,The MacHeist bundle is now fully unlocked I see. Tremendous value for around £25.
2008/01/tweet-605213582,2008-01-16T00:00:00Z,Y,77,"Moist in anticipation of my new work iMac which UPS say is ""out for delivery"""
2008/01/tweet-623780042,2008-01-21T00:00:00Z,Y,53,recovering from brain freeze after eating wasabi peas
2008/02/tweet-681426252,2008-02-05T00:00:00Z,Y,121,I see that the iPod Touch now has a 32Gb option. Think I'll pick one of those babies up in Miami at the end of the month.
2008/02/tweet-764140079,2008-02-27T00:00:00Z,Y,117,Enjoying the warm welcome at US Passport Control. I just love being treated like a criminal. Finger prints? Good God.
2008/02/tweet-764604233,2008-02-28T00:00:00Z,Y,125,hoping @timblair doesn't get our expensive MySQL consultant too trashed this evening. We've still got a day left of his time!
2008/02/tweet-764622908,2008-02-28T00:00:00Z,Y,79,Excited by all the open social networking concepts Joseph Smarr's talking about
2008/03/tweet-765728643,2008-03-02T00:00:00Z,Y,36,"Lying on South Beach, Miami. Lovely."
2008/03/tweet-768573667,2008-03-08T00:00:00Z,Y,77,amazed that my little iPod touch can stream h.264 video from the BBC iplayer.
2008/03/tweet-768845632,2008-03-09T00:00:00Z,Y,46,feeling dirty from researching PHP5 frameworks
2008/03/tweet-770629541,2008-03-12T00:00:00Z,Y,45,laughing at Tottenham. Never mind Tiny Totts!
2008/03/tweet-771529596,2008-03-14T00:00:00Z,Y,43,Looking forward to a lovely pint after work
2008/03/tweet-771533165,2008-03-14T00:00:00Z,Y,42,Beers are on @lilja after her Gold Cup win
2008/03/tweet-773524457,2008-03-18T00:00:00Z,Y,21,Waiting for my dinner
2008/03/tweet-775873642,2008-03-23T00:00:00Z,Y,67,Focusing on the Champions League. The Premier League is for chumps.
2008/03/tweet-776818969,2008-03-25T00:00:00Z,Y,58,remembering that argumentscollection != argumentcollection
2008/03/tweet-778161579,2008-03-27T00:00:00Z,Y,71,convinced that database servers hate him. Big upgrade tomorrow morning!
2008/03/tweet-778161896,2008-03-27T00:00:00Z,Y,25,spilling water everywhere
2008/03/tweet-778711111,2008-03-28T00:00:00Z,Y,91,Relieved that I could leave the office on time with everything working well. Touching wood.
2008/04/tweet-785362866,2008-04-08T00:00:00Z,Y,6,miffed
2008/04/tweet-786708122,2008-04-10T00:00:00Z,Y,46,Babysitting the rabbit. He likes pizza crusts.
2008/04/tweet-787154240,2008-04-11T00:00:00Z,Y,95,Loving Mario Kart Wii. It's even better than I expected and the steering wheels feel just right
2008/04/tweet-800521437,2008-04-30T00:00:00Z,Y,48,"Wet, but in the pub now so I don't mind so much."
2008/05/tweet-804065234,2008-05-05T00:00:00Z,Y,18,Master of the oven
2008/05/tweet-804888680,2008-05-06T00:00:00Z,Y,60,Enjoying the last of the sunshine on the Corner Bar terrace.
2008/05/tweet-805684293,2008-05-07T00:00:00Z,Y,109,"Shacked up with a flamin' (soon-to-be) soap-dodging, Levellers-listening, jobless student. Well done @lilja !"
2008/05/tweet-808634939,2008-05-11T00:00:00Z,Y,81,Master of the oven on last week; master of the garden today. Bit sunburnt though.
2008/05/tweet-810180651,2008-05-13T00:00:00Z,Y,42,svn switch --relocate is a wonderful thing
2008/05/tweet-810384941,2008-05-13T00:00:00Z,Y,24,Enjoying a medicinal G&T
2008/05/tweet-816874888,2008-05-21T00:00:00Z,Y,94,"thinking that it's a choice between a kick in the nuts or a punch on the nose. United, just..."
2008/05/tweet-819100712,2008-05-24T00:00:00Z,Y,51,Accidentally pub crawling around South West London.
2008/05/tweet-821128607,2008-05-27T00:00:00Z,Y,42,Very pleased with my homemade vinaigrette.
2008/05/tweet-823578272,2008-05-30T00:00:00Z,Y,51,"Dedworth, the Eagle will be landing tomorrow night."
2008/06/tweet-830829096,2008-06-09T00:00:00Z,Y,114,"Sunshine, Total football, a stunning new iPhone and a surprise barbeque for dinner. I'm a happy chap this evening."
2008/06/tweet-833279381,2008-06-12T00:00:00Z,Y,75,King of DIY. New shower head and pole thing installed with minimum of fuss.
2008/06/tweet-833675637,2008-06-13T00:00:00Z,Y,43,The MacBook Airs are in transit. ETA today.
2008/06/tweet-838978213,2008-06-19T00:00:00Z,Y,106,I can only sit back and respect the relentless efficiency and unfailing consistency of the German machine.
2008/06/tweet-840328491,2008-06-21T00:00:00Z,Y,76,Thinking Vespas are quite cool. Might be joining @lilja in the scooter gang.
2008/06/tweet-843170974,2008-06-25T00:00:00Z,Y,78,Watching the cricket. Sun's out. Second pint. Radiohead tonight. Life is good.
2008/06/tweet-843351328,2008-06-25T00:00:00Z,Y,39,Getting burnt eating cocktail sausages.
2008/06/tweet-844820418,2008-06-27T00:00:00Z,Y,84,"Have caught the lurgi from mouth-breathing, best-of-buying Radiohead 'fans'. Poorly."
2008/06/tweet-845646110,2008-06-28T00:00:00Z,Y,93,Well done @flatpackedworld! Did the parachute open or did you luckily land on your head? Arf.
2008/06/tweet-847166178,2008-06-30T00:00:00Z,Y,82,Played Rock Band after work. Drums. All other multiplayer games are now pointless.
2008/07/tweet-849223595,2008-07-03T00:00:00Z,Y,44,No breakfast so it'll have to be a footlong.
2008/07/tweet-850776758,2008-07-05T00:00:00Z,Y,126,Preparing myself for Iron Maiden at Twickenham tonight. Not quite sure my quiet indie music sensibilities are going to cope...
2008/07/tweet-850868533,2008-07-05T00:00:00Z,Y,106,Shocked to have Samuel Taylor Coleridge quoted at me in song at Iron Maiden gig. I've now seen everything.
2008/07/tweet-850872712,2008-07-05T00:00:00Z,Y,19,This is Spinal Tap.
2008/07/tweet-851394739,2008-07-06T00:00:00Z,Y,78,Enjoying watching my annual tennis match. Can the Swiss chap come from behind?
2008/07/tweet-856438444,2008-07-12T00:00:00Z,Y,88,Finally got my iPod touch 2.0'd. Downloading oodles of apps that I'll never actually use
2008/07/tweet-858920703,2008-07-15T00:00:00Z,Y,107,Two hours down the M4 to Bath. Find out meeting is cancelled. Two hours back to the office. Wasted morning.
2008/07/tweet-861203455,2008-07-17T00:00:00Z,Y,90,Feeling about 100 years old at Death Cab gig. How come kids like them? Go and watch McFly.
2008/07/tweet-867054234,2008-07-24T00:00:00Z,Y,120,is crossing fingers that the order for his work iPhone has gone through today before some blighter snaps up the last one
2008/08/tweet-875531160,2008-08-02T00:00:00Z,Y,103,"Thinks having an iPhone is pointless on a train with almost no mobile signal. This is Surrey, not Mars."
2008/08/tweet-876321477,2008-08-03T00:00:00Z,Y,21,can't be arsed really
2008/08/tweet-882639851,2008-08-09T00:00:00Z,Y,46,Pinging back and forth from Windsor to London.
2008/08/tweet-886279627,2008-08-13T00:00:00Z,Y,97,Thanking @ryancarson and his team for popping in to the office for a spot of blue sky thinking :)
2008/08/tweet-887304823,2008-08-14T00:00:00Z,Y,100,Still chuckling about an IT recruiter's demand for a 35% introduction fee. Parasites the lot of 'em.
2008/08/tweet-889320902,2008-08-16T00:00:00Z,Y,66,Living the VIP lifestyle at the Emirates. Far away from riff-raff.
2008/08/tweet-894445588,2008-08-21T00:00:00Z,Y,106,Doing actual real work for a change and finding it hard. Trying to resist the natural impulse to delegate.
2008/08/tweet-899231386,2008-08-26T00:00:00Z,Y,38,My arm has been violated by a mosquito
2008/08/tweet-900700600,2008-08-27T00:00:00Z,Y,129,Narked with Royal Mail for failing to deliver my camera in time for going to Miami. Special Delivery is clearly not very special.
2008/08/tweet-902122441,2008-08-28T00:00:00Z,Y,93,Safely in Miami but rather scared by the heat. Planning to remain air conditioned throughout.
2008/09/tweet-908032919,2008-09-03T00:00:00Z,Y,99,"Pootling down the M5 in the sunshine. @lilja is at the wheel, shades on, driving fairly competently"
2008/09/tweet-912029667,2008-09-06T00:00:00Z,Y,70,Shattered after the drive home from Cornwall. Photos are up on Flickr.
2008/09/tweet-914383740,2008-09-08T00:00:00Z,Y,42,Preparing to dance with the devil tomorrow
2008/09/tweet-916862232,2008-09-10T00:00:00Z,Y,70,Yeah Arsenal are killing the England team aren't they? Well done Theo!
2008/09/tweet-922339685,2008-09-15T00:00:00Z,Y,55,Summer's officially over. Turned my heating on. Chilly.
2008/09/tweet-929690066,2008-09-21T00:00:00Z,Y,50,There's too many mutha huckas huckin' with my shi'
2008/09/tweet-931979351,2008-09-23T00:00:00Z,Y,49,is wishing he'd gone home at 4pm. Stupid servers.
2008/09/tweet-933441954,2008-09-24T00:00:00Z,Y,72,is sadly home alone but happily enjoying a stiff G&amp;T watching Father Ted
2008/09/tweet-937115686,2008-09-27T00:00:00Z,Y,88,now owns all six series of Curb Your Enthusiasm. That's a lot of squirming and cringing.
2008/09/tweet-939350678,2008-09-29T00:00:00Z,Y,55,Look out for Barry... coming soon! http://bit.ly/2grESF
2008/10/tweet-948627569,2008-10-06T00:00:00Z,Y,133,"has realised he'll be in New York on presidential election day. ""What, you mean Her Majesty isn't your ruler? Independence, you say?"""
2008/10/tweet-950154587,2008-10-07T00:00:00Z,Y,23,Very proud of my @lilja
2008/10/tweet-960483890,2008-10-15T00:00:00Z,Y,110,Feeling sorry for the poorly old woman in the bakery for whom hurculean effort was required to fetch me a roll
2008/10/tweet-964442837,2008-10-17T00:00:00Z,Y,88,Back from live filiming of the IT Crowd. Genuine laughs and enormous fun. I'm a fan now.
2008/10/tweet-966583777,2008-10-19T00:00:00Z,Y,58,The rabbit loves Radio 3. Ears forward and nose twitching.
2008/10/tweet-980947018,2008-10-29T00:00:00Z,Y,77,Tucked up warm at home ready to listen to the North London derby on the radio
2008/10/tweet-981236608,2008-10-29T00:00:00Z,Y,43,aaaaaaaaarrrrrrrgggghgghrhghghhghghghngggnn
2008/10/tweet-981367528,2008-10-29T00:00:00Z,Y,94,@Philip5150 damn you for cursing us. I'm so bloody frustrated after that! Scousers march on...
2008/10/tweet-982052204,2008-10-30T00:00:00Z,Y,30,On my way back from GU Towers.
2008/11/tweet-985144148,2008-11-01T00:00:00Z,Y,48,Off to NYC in a few mins. Quite excited actually
2008/11/tweet-986571689,2008-11-02T00:00:00Z,Y,71,Enjoying the Autumn sunshine by NY Public Library. Nicely relaxed here.
2008/11/tweet-991902104,2008-11-05T00:00:00Z,Y,78,Everyone still excited here in NYC after Obama shenangians. Back home tonight.
2008/11/tweet-996243953,2008-11-08T00:00:00Z,Y,51,Researching washing machines. Mine is finally kaput
2008/11/tweet-996766695,2008-11-08T00:00:00Z,Y,33,Falling in love with Marion again
2008/11/tweet-1001997137,2008-11-12T00:00:00Z,Y,83,Waiting at home for my new washing machine. It doesn't get more exciting than this.
2008/11/tweet-1007271396,2008-11-15T00:00:00Z,Y,71,Train replacement buses are the shittest way to start a night out. Grrr
2008/11/tweet-1015600531,2008-11-20T00:00:00Z,Y,53,Kissing my twenties goodnight. Bring on the slippers!
2008/11/tweet-1024990786,2008-11-26T00:00:00Z,Y,114,Embarking on my first season in newly bought Football Manager 2009. All free time about to be completely absorbed.
2008/11/tweet-1024999133,2008-11-26T00:00:00Z,Y,66,"Feeling sad about Woolies' demise. Where will one buy ""stuff"" now?"
2008/11/tweet-1027929988,2008-11-28T00:00:00Z,Y,81,Finally got tickets booked for Arsenal v Pompey on 28th. This season's flying by.
2008/11/tweet-1029498116,2008-11-29T00:00:00Z,Y,75,Let's just give up egg chasing shall we? We're clearly not very good at it.
2008/12/tweet-1032755913,2008-12-01T00:00:00Z,Y,111,"#oscarwildeday ""We live in an age when unnecessary things are our only necessities."" Even more so today, Oscar."
2008/12/tweet-1034645143,2008-12-02T00:00:00Z,Y,66,Addicted to Hamster on a Piano (Eating Popcorn) http://bit.ly/Z25F
2008/12/tweet-1042012745,2008-12-06T00:00:00Z,Y,71,Catching up on a week's worth of open tabs with Nick Drake for company.
2008/12/tweet-1042297222,2008-12-06T00:00:00Z,Y,59,Enjoying some vanilla rum and cherry coke. Girly but tasty.
2008/12/tweet-1045942417,2008-12-08T00:00:00Z,Y,125,"Itching for an excuse to pretend to be a designer and use the ""discretionary ligatures"" in (free) FF Nuvo: http://bit.ly/8DTV"
2008/12/tweet-1054083577,2008-12-12T00:00:00Z,Y,92,Feeling proper Christmassy now. Got home to find that @lilja has put up all the decorations!
2008/12/tweet-1055440578,2008-12-13T00:00:00Z,Y,110,Villa look strong favourites for fourth place this season. When will Arsenal pull their collective finger out?
2008/12/tweet-1061306846,2008-12-16T00:00:00Z,Y,85,The rabbit prefers the east wing of his house this evening.  http://snipurl.com/8h8il
2008/12/tweet-1063180982,2008-12-17T00:00:00Z,Y,54,Loving the new @CampaignMonitor. Elegant yet powerful.
2008/12/tweet-1065660963,2008-12-18T00:00:00Z,Y,82,Nigella's wearing a silk dressing gown and chopping up a large chorizo. The tease.
2008/12/tweet-1069227668,2008-12-20T00:00:00Z,Y,72,Little sign of a recession in the shops today. Get out of my bloody way!
2008/12/tweet-1069336021,2008-12-20T00:00:00Z,Y,117,"Feeling pleased but slightly emasculated to have found Mark, an excellent, reliable handyman who can do stuff I can't"
2008/12/tweet-1070590160,2008-12-21T00:00:00Z,Y,93,"Off to humanist comedy/music gig for alternative xmas. Dawkins, Gervais, Lee, B&S and Cocker."
2008/12/tweet-1072847806,2008-12-22T00:00:00Z,Y,123,Tidy summary of last night's thoroughly enjoyable evening at Nine Lessons and Carols for Godless People: http://bit.ly/fit6
2008/12/tweet-1074985638,2008-12-23T00:00:00Z,Y,94,Ruby framework Merb to be absorbed in to Rails 3 next year (via @luke_bkk) http://bit.ly/14F2Q
2008/12/tweet-1082663710,2008-12-28T00:00:00Z,Y,96,Freezing at the Emirates today. Appallingly cold. Poor performance too but 3 points is 3 points.
2009/01/tweet-1093358126,2009-01-03T00:00:00Z,Y,60,Off to see Rothko at Tate Modern and then some dim sum. Yum.
2009/01/tweet-1132903740,2009-01-20T00:00:00Z,Y,98,"I'm on the move: upgrading from a cramped, crumbling Withnail-and-I flat to a lovely big new house"
2009/01/tweet-1132904964,2009-01-20T00:00:00Z,Y,13,Very excited!
2009/01/tweet-1136084304,2009-01-21T00:00:00Z,Y,112,"""Ex-KGB spy buys UK paper for £1"" http://bit.ly/QTkz That's nothing: I bought the Guardian this morning for 80p."
2009/01/tweet-1139263531,2009-01-22T00:00:00Z,Y,77,Peace and quiet in the office. Perfect time to do some thinking and planning.
2009/01/tweet-1144744942,2009-01-24T00:00:00Z,Y,104,"Wanting to use Google Reader for its social/sharing features, but just can't wean myself off NetNewsWire"
2009/02/tweet-1166840954,2009-02-01T00:00:00Z,Y,91,I want to add comments to something I'm building. Should I go for Disqus or Intense Debate?
2009/02/tweet-1170962717,2009-02-02T00:00:00Z,Y,64,RT @timblair: engaged to @debbie - congratulations to you both x
2009/02/tweet-1170971305,2009-02-02T00:00:00Z,Y,128,Aghast that the ridiculous saga of Arshavin-to-Arsenal won't be resolved until tomorrow. Is it now the FA's fault? Bonkers. #TDD
2009/02/tweet-1172627801,2009-02-03T00:00:00Z,Y,127,I'm looking for Rails gurus and front-enders to work with us at @wld. DM me if you know someone (or pass on). http://is.gd/icOB
2009/02/tweet-1183749321,2009-02-06T00:00:00Z,Y,64,@marckysharky Happy birthday! Have a marvellous rest of the day.
2009/02/tweet-1183757973,2009-02-06T00:00:00Z,Y,114,"Having a bio written for me for new @wld website. Wish I could just use ""is grumpy and doesn't want to have a bio"""
2009/02/tweet-1200273983,2009-02-11T00:00:00Z,Y,102,"Massively excited to have the keys to our new house. So much space and it's all shiny, lovely and new."
2009/02/tweet-1215806837,2009-02-16T00:00:00Z,Y,98,"Just bought furniture, a bed and sofas. Giving poor credit card a rest watching the cricket in HD."
2009/02/tweet-1244870902,2009-02-24T00:00:00Z,Y,44,Downloading #safari4 http://apple.com/safari
2009/02/tweet-1249408880,2009-02-25T00:00:00Z,Y,76,Listening to @mattjukes's 10 tracks for today on Spotify   http://is.gd/kOud
2009/03/tweet-1273654591,2009-03-03T00:00:00Z,Y,139,"Just finished my first PR briefing with a journo, talking about mobile dating. Went quite well really and I don't think I waffled too much."
2009/03/tweet-1285463539,2009-03-05T00:00:00Z,Y,117,Been bowlin' with the @wld dev team and special guest Susan. Managed a couple of games without disgracing myself too.
2009/03/tweet-1292425979,2009-03-07T00:00:00Z,Y,119,"Inlaws coming over today so I've been cleaning, tidying up and definitely not arsing around on the internet all morning"
2009/03/tweet-1297354424,2009-03-08T00:00:00Z,Y,124,Back from baptism. Silver choo-choo moneybox given to little Aaron and old uni friends seen. Time for some toad in the hole.
2009/03/tweet-1307377094,2009-03-10T00:00:00Z,Y,109,@fuzzyness Let me know if you've any technical or other questions about whitelabeldating.com - happy to help.
2009/03/tweet-1310892011,2009-03-11T00:00:00Z,Y,122,RT @stooty: http://twitpic.com/2027s - congratulations   mate. Top geek points for announcing the pregnancy via a twitpic!
2009/03/tweet-1320823073,2009-03-13T00:00:00Z,Y,135,"Why are so many people here scrambling for Jackson tickets? Guys, he's a deranged freak who's been terrible since before you were born."
2009/03/tweet-1321270613,2009-03-13T00:00:00Z,Y,109,@Philip5150 Me too. Doves are one of my most played bands. Can't believe it's been 4 years since Some Cities.
2009/03/tweet-1328150312,2009-03-14T00:00:00Z,Y,125,"Dusting off the Wii for the first time this year for some Mario Kart/Galaxy and Zelda. Forgotten how slick it is, even in SD."
2009/03/tweet-1328692351,2009-03-14T00:00:00Z,Y,105,Listening to nice music with the rabbit for company. A very civilised evening.   http://twitpic.com/23nq0
2009/03/tweet-1330822870,2009-03-15T00:00:00Z,Y,73,I'm watching all of you very carefully today... Beware the Ides of March!
2009/03/tweet-1348689740,2009-03-18T00:00:00Z,Y,102,"Proud owner of the lovely Typographic Desk Reference, hot off the press http://is.gd/a5kH #typodeskref"
2009/03/tweet-1378381305,2009-03-23T00:00:00Z,Y,57,Stewart Lee is my hero. Very happy he's back on the telly
2009/03/tweet-1381527763,2009-03-24T00:00:00Z,Y,83,Two months to wait for a 15 min appointment with an eye specialist. Humph. #nhsfail
2009/03/tweet-1383148662,2009-03-24T00:00:00Z,Y,123,Delighted to welcome @taryneast to the @wld dev team today. She's our team's first Rails developer - and first woman too :)
2009/03/tweet-1407829697,2009-03-28T00:00:00Z,Y,111,Listening to two workmen proper shouting at each other in our office roof. There's going to be fisticuffs soon.
2009/03/tweet-1420502765,2009-03-30T00:00:00Z,Y,91,I'm rubbish and I know it. I've upset a good friend by not being in touch for a few months.
2009/03/tweet-1423854888,2009-03-31T00:00:00Z,Y,76,Watching a grown man land pretend planes on his phone during his lunch break
2009/03/tweet-1424394102,2009-03-31T00:00:00Z,Y,100,"Booked two #readingfestival tickets for the Sunday. Radiohead, Bloc Party, Vampire Weekend and more."
2009/04/tweet-1434790619,2009-04-01T00:00:00Z,Y,48,#flightcontrol 91. Damn those big fast planes...
2009/04/tweet-1445044891,2009-04-03T00:00:00Z,Y,95,The @wld dev team are now settling in to our big new office. I'm filling in as patching monkey.
2009/04/tweet-1446270104,2009-04-03T00:00:00Z,Y,115,I got Comply or Die in our #grandnational sweepstake. Pleased with that and rather appropriate given my mood today.
2009/04/tweet-1450693564,2009-04-04T00:00:00Z,Y,84,9:30 and the server monitoring screen is green. Fingers crossed it stays that way...
2009/04/tweet-1451974485,2009-04-04T00:00:00Z,Y,87,My sweepstake horse was second in the #grandnational. Lazy. Ready for the glue factory.
2009/04/tweet-1471038518,2009-04-07T00:00:00Z,Y,134,"Already grumpy from being poorly, I'm unimpressed with having Lady Sovereign interrupt me on Spotify. Go away and leave me with Doves."
2009/04/tweet-1524178225,2009-04-15T00:00:00Z,Y,112,In Recruitment mode... Interviewing two good-sounding Rails developers this afternoon. More later this week too.
2009/04/tweet-1542567578,2009-04-17T00:00:00Z,Y,51,Suffering Friday lady tunes here in the @wld office
2009/04/tweet-1552477576,2009-04-18T00:00:00Z,Y,131,The rugby in the Twickenham sun was lovely this afternoon but the stupid football ruined things. Should've just gone straight home.
2009/04/tweet-1573711356,2009-04-21T00:00:00Z,Y,116,How not to rebrand: Protx is now SagePay but all of the Protx payment gateway URLs we use have now broken overnight.
2009/04/tweet-1585763149,2009-04-22T00:00:00Z,Y,137,"On the day the government offers £2K incentive for scrappage of old cars, my mechanic hands me £350 bill for work on my 10 year old Polo."
2009/04/tweet-1597350060,2009-04-23T00:00:00Z,Y,117,While the cat's away the mice will... do all his chores and settle down for a quiet rogan josh in front of the telly.
2009/04/tweet-1602476217,2009-04-24T00:00:00Z,Y,135,"Attention marketing/biz people: when you post a new entry on your blog you are not ""writing a blog"". It's like nails down a blackboard."
2009/04/tweet-1604275425,2009-04-24T00:00:00Z,Y,105,"@drewm You put your left leg in, your left leg out, in, out, shake it all about... #songswithinstructions"
2009/04/tweet-1622512127,2009-04-26T00:00:00Z,Y,107,"Champagne, seafood and a hot tub. I'm at the lovely Crab in Chieveley with @lilja. Might stay here I think."
2009/04/tweet-1659049803,2009-04-30T00:00:00Z,Y,105,"Thought from last night's football. Jonny Evans is a dead ringer for Seth MacFarlane, Family Guy creator."
2009/04/tweet-1659924689,2009-04-30T00:00:00Z,Y,123,"I'm at Internet World, the conference for suit wearers who get excited about ""enterprise CMS solutions"" and other nonsense."
2009/04/tweet-1659958951,2009-04-30T00:00:00Z,Y,139,"Nevertheless, some decent chats about sending email on a large scale with some enthusiastic providers. Off to Reading Hexagon to see Doves."
2009/04/tweet-1663900385,2009-04-30T00:00:00Z,Y,139,Doves were superb tonight in Reading. An immense live band. Can't believe that's the first time I've seen them. Lumps in throat throughout.
2009/04/tweet-1663935400,2009-04-30T00:00:00Z,Y,126,@mr_mcd I've never seen you and Jimi Goodwin of Doves in the same room. Are you hiding a stunning secret gift and double life?
2009/05/tweet-1674136426,2009-05-01T00:00:00Z,Y,138,"Couple has bonk by Windsor Castle, possibly the least romantic/erotic setting in the world, and ends up in the papers: http://bit.ly/QZtRo"
2009/05/tweet-1708665603,2009-05-05T00:00:00Z,Y,112,Settling down to the footy with Dominos' Football Special 2-4-1 on its way. Clever promo for lazy types like me.
2009/05/tweet-1719931901,2009-05-06T00:00:00Z,Y,43,Malouda's hair = iced gem (via @gunnerblog)
2009/05/tweet-1720538308,2009-05-06T00:00:00Z,Y,118,"Can't bring myself to feel sorry for Chelsea, but there were 3 or 4 pens not given there. Great drama for the neutral."
2009/05/tweet-1731504773,2009-05-07T00:00:00Z,Y,36,Morning everyone http://bit.ly/yLq7g
2009/05/tweet-1772047050,2009-05-12T00:00:00Z,Y,136,I had a paper cut from a £20 note this morning. It hurt. If I was a superstitious man I'd take it as some sort of ominous money warning.
2009/05/tweet-1772066383,2009-05-12T00:00:00Z,Y,75,@cronkshaw Your first day's re-education back at Lilly: http://bit.ly/qxCxe
2009/05/tweet-1772384777,2009-05-12T00:00:00Z,Y,135,"Recruiters, why do you keep asking me to connect on LinkedIn? I know your game - you just want to leech my contacts and annoy them too."
2009/05/tweet-1783015082,2009-05-13T00:00:00Z,Y,139,Guessing that Twitter changed replies to reduce the number of records they need to write with each new tweet and so cope with scary growth.
2009/05/tweet-1786776678,2009-05-13T00:00:00Z,Y,75,Tonight: Chinese takeaway and The Apprentice on the sofa. Simple pleasures.
2009/05/tweet-1787725742,2009-05-13T00:00:00Z,Y,107,Apprentice task is Margate rebrand yet neither team are using Chas & Dave's song. Missed opportunity there.
2009/05/tweet-1798000505,2009-05-14T00:00:00Z,Y,130,My MacBook Air prefers Safari to Firefox. I know this because its fans don't go bonkers as they do when using the CPU hungry 'Fox.
2009/05/tweet-1839900052,2009-05-18T00:00:00Z,Y,96,Enjoying a deserved pint poured by my favourite barmaid @lilja after my Monday Meeting Marathon.
2009/05/tweet-1881092988,2009-05-22T00:00:00Z,Y,133,"I've received a slab of plasticine in the post from a recruiter to help ""shape the future of your business"". Top corporate wankspeak."
2009/05/tweet-1881208061,2009-05-22T00:00:00Z,Y,132,"As @mattzilla and @smccran pointed out, Play Doh would have been much better than plasticine because I could at least have eaten it."
2009/05/tweet-1881635633,2009-05-22T00:00:00Z,Y,100,@joemahoney Great (puerile) minds think alike. I'll have a play this afternoon and TwitPic-erize it.
2009/05/tweet-1895163149,2009-05-23T00:00:00Z,Y,114,@susan_mcmahon Did you enjoy watching Arsenal's kids last night? You're now officially a Gooner - congratulations!
2009/05/tweet-1922301129,2009-05-26T00:00:00Z,Y,121,I've had sad news about my family's cat Marmite who was put down this morning. Probably a car accident. Poor little chap.
2009/05/tweet-1922997057,2009-05-26T00:00:00Z,Y,115,"20 years ago today, last minute of the season, Thomas bursting through the midfield: http://bit.ly/7AoWp
  #arsenal"
2009/05/tweet-1923178902,2009-05-26T00:00:00Z,Y,139,"@Philip5150 Yeah, Thomas hangs onto the ball for far too long. Keep thinking he'll be tackled or Grobelaar will reach him. He's ice cool :)"
2009/05/tweet-1935735654,2009-05-27T00:00:00Z,Y,136,My Mighty Mouse scroll nipple has stuck yet again. Can't. Scroll. Down. Not sure how the design ever passed Apple's QC dept. #nipplefail
2009/05/tweet-1973774142,2009-05-30T00:00:00Z,Y,138,Enjoyable day with @lilja in the Eton sunshine. Lunch at the Henry VI and a stroll along the river back to Windsor. Doing some to-dos now.
2009/05/tweet-1979570750,2009-05-31T00:00:00Z,Y,119,HSBC card transactions are reportedly failing this morning. Terrible timing considering it's the last day of the month.
2009/06/tweet-2007355044,2009-06-02T00:00:00Z,Y,120,@BradHaverly iPhone OS 3.0 should be out to coincide with Apple's developer conference on the 8th. Not long to go now...
2009/06/tweet-2015645819,2009-06-03T00:00:00Z,Y,76,"Researching setting up one of these new-fangled ""intranets"" for the company."
2009/06/tweet-2019938403,2009-06-03T00:00:00Z,Y,42,Putting the world to rights with @timblair
2009/06/tweet-2035648800,2009-06-04T00:00:00Z,Y,128,Back from King Creosote gig in Windsor. Very impressed: the whole band (who did solo support) were superb. Audience not so much.
2009/06/tweet-2041400454,2009-06-05T00:00:00Z,Y,94,Flicked the big switch on our new own-brand dating site this morning: http://datingagency.com/
2009/06/tweet-2041640721,2009-06-05T00:00:00Z,Y,129,Just had this delivered by Terry from Peer1. If we don't host with them it'll be my rabbit's last meal!  http://twitpic.com/6nx71
2009/06/tweet-2088520289,2009-06-09T00:00:00Z,Y,136,"""Kaka is world record signing""... but only in sterling. 65m euros is less than 73m for Zidane in 2001 but the pound is now down a third."
2009/06/tweet-2091145188,2009-06-09T00:00:00Z,Y,31,"Today's word is ""awesomesauce""."
2009/06/tweet-2102219508,2009-06-10T00:00:00Z,Y,100,@MelKirk @therunningdude @dlythgoe Who's this @bfrost you keep talking about? Check my handle dudes!
2009/06/tweet-2151721679,2009-06-13T00:00:00Z,Y,111,"Even though I don't tend to use Facebook much, I'm still pleased to have grabbed http://facebook.com/barryfrost"
2009/06/tweet-2165253872,2009-06-14T00:00:00Z,Y,50,Sun's out. Lazy Sunday. I make that Pimms o'clock.
2009/06/tweet-2179832738,2009-06-15T00:00:00Z,Y,126,Waiting like a spare part for @lilja's end of year show to begin. Pop next door to cafeteria to find 20/20 cricket on. Result.
2009/06/tweet-2237001185,2009-06-19T00:00:00Z,Y,62,Monkey patching my version of Ruby just like the cool kids do.
2009/06/tweet-2268275815,2009-06-21T00:00:00Z,Y,101,"Back from a lovely day out at Birdworld, Surrey's premier bird related attraction http://bit.ly/6ktWa"
2009/06/tweet-2323377328,2009-06-25T00:00:00Z,Y,43,Board meeting today so I'm wearing a shirt.
2009/06/tweet-2327825421,2009-06-25T00:00:00Z,Y,94,Off to @newmediaage awards bash at Grosvenor hotel. Say hello if you'll be there this evening.
2009/06/tweet-2334705982,2009-06-25T00:00:00Z,Y,69,Michael will be singing a duet with Princess Diana in Heaven tonight.
2009/06/tweet-2334793664,2009-06-25T00:00:00Z,Y,123,@Aleksandr_Orlov Congratulations on your @newmediaage awards tonight. I hope Sergei gets the day off tomorrow to celebrate.
2009/06/tweet-2340782913,2009-06-26T00:00:00Z,Y,140,"Never mind MJ, found out that Steven Wells died of cancer on Wed. A gonzo journo legend; Swells' was the first NME article I read each week."
2009/06/tweet-2377398623,2009-06-28T00:00:00Z,Y,67,Watching Blur and Prodigy at Glastonbury on the telly. Essex rules.
2009/06/tweet-2406774962,2009-06-30T00:00:00Z,Y,32,Been coving. Covered in plaster.
2009/07/tweet-2423362757,2009-07-01T00:00:00Z,Y,82,Coving done. Started on soffits and kitchen units. My body hurts. #barrythebuilder
2009/07/tweet-2473839631,2009-07-04T00:00:00Z,Y,120,Still alive after a ride on the back of @lilja's Vespa. Didn't spot @aviatorgal - was too busy holding on for dear life!
2009/07/tweet-2484686675,2009-07-05T00:00:00Z,Y,118,Aww. I want to give Roddick a big hug. Poor lamb. Federer is ice cool. He looks like he's just been for a gentle walk.
2009/07/tweet-2497298839,2009-07-06T00:00:00Z,Y,84,Excited to be welcoming Rails guru @martinbtt to the @wld dev team tomorrow morning.
2009/07/tweet-2502719454,2009-07-06T00:00:00Z,Y,76,The most catchiest TV advert ever. A perfect 30 seconds. http://bit.ly/ApMVS
2009/07/tweet-2503705974,2009-07-06T00:00:00Z,Y,98,@Philip5150 Great great great film. Seen this mashup with Radiohead's 15 Step? http://bit.ly/aZ5fF
2009/07/tweet-2511185072,2009-07-07T00:00:00Z,Y,118,"@Philip5150 I'd guess at fan vid, but it's extremely slick. Love the way the music is quiet and muffled to start with."
2009/07/tweet-2513441347,2009-07-07T00:00:00Z,Y,82,I love my new office and MacBook Pro setup. Happy geek.   http://twitpic.com/9l5sy
2009/07/tweet-2549204709,2009-07-09T00:00:00Z,Y,106,Working with @jlcoassin and the clever devs at @codegent on an exciting new project for the @wld platform.
2009/07/tweet-2550505056,2009-07-09T00:00:00Z,Y,127,Well done @stooty - RT @MelKirk: Excited by the launch of our new partnership with Cosmopolitan! http://www.cosmopolitan.co.uk/
2009/07/tweet-2556207216,2009-07-09T00:00:00Z,Y,138,"Tesco charge me £4.50 to deliver yet miss a 2-hour window and won't refund the charge because the time is an ""estimate"". Unhappy customer."
2009/07/tweet-2565924646,2009-07-10T00:00:00Z,Y,134,"Taking the dev team out for a bit of bonding tonight. @MelKirk and Marketing are sad, but we couldn't afford all their cocktail bills!"
2009/07/tweet-2568906927,2009-07-10T00:00:00Z,Y,140,"Strewth. Not only are Australia keeping out England's attack in the Ashes today, they're stealing back our @susan_mcmahon. Flamin' mongrels."
2009/07/tweet-2598425598,2009-07-12T00:00:00Z,Y,111,"Half watching the cricket, killing time before heading out to London for some comedy at the Water Rats tonight."
2009/07/tweet-2611178438,2009-07-13T00:00:00Z,Y,114,"Saw an unexpected hour of very good, very funny new Stewart Lee material last night at Water Rats, Kings X. Bliss."
2009/07/tweet-2620255566,2009-07-13T00:00:00Z,Y,95,Listening to Radiohead on very good Bose headphones. Volume up to 11. Might be deaf quite soon.
2009/07/tweet-2897396309,2009-07-28T00:00:00Z,Y,119,Learned lots today from our clever people about Scrum and then affiliate marketing. Combining the two on a new project.
2009/07/tweet-2910100877,2009-07-29T00:00:00Z,Y,105,"Filling out cells in a big, important, shared Google spreadsheet. Crossing fingers that it doesn't break."
2009/07/tweet-2927567349,2009-07-30T00:00:00Z,Y,127,@MelKirk @FrancescaHeath Danny Dyer? Most laughable mock-hardman since Ross Kemp. Danny Dire's far better: http://bit.ly/17ZLC8
2009/08/tweet-3084846416,2009-08-02T00:00:00Z,Y,114,"Boiled egg eaten, tea drunk, now waiting for the umpires to stop stomping around the outfield and get play started"
2009/08/tweet-3088577080,2009-08-02T00:00:00Z,Y,131,"What a talent Jack Wilshere is. Mustn't get carried away, but I can't wait to see him rip into Premier League defences this season."
2009/08/tweet-3102003962,2009-08-03T00:00:00Z,Y,102,"RT @mattjukes: sorry, but you do need to know this exists. http://fuckyeahanimalswithcasts.tumblr.com/"
2009/08/tweet-3121515155,2009-08-04T00:00:00Z,Y,137,"Failing to understand why a supplier would respond to an email with a phone call, leaving a message to call them. Just reply to my email!"
2009/08/tweet-3143819414,2009-08-05T00:00:00Z,Y,102,"Off to watch Surrey vs Derbyshire in the Pro 40 cricket for an afternoon of leather, willow and lager."
2009/08/tweet-3143880513,2009-08-05T00:00:00Z,Y,139,@Jordo_Digital @MelKirk I'm afraid I did what any other man of a certain age would do with a block of blue plasticine. I made a smurf cock.
2009/08/tweet-3146882548,2009-08-05T00:00:00Z,Y,81,Won the first innings sweepstake by two runs. Five whole English pounds are mine!
2009/08/tweet-3152537136,2009-08-05T00:00:00Z,Y,95,"I won the second innings sweepstake too, predicting a win by four wickets. Just call me Bumble."
2009/08/tweet-3181667817,2009-08-07T00:00:00Z,Y,139,Gatecrashed the youngsters' Friday at the pub with @rosswilliams. Probably best we left when we did before their style was fatally cramped.
2009/08/tweet-3182353927,2009-08-07T00:00:00Z,Y,106,@Tomtids Well I'm 30 now; the kids are 18-20. An entirely different generation. You could be their father!
2009/08/tweet-3192836276,2009-08-08T00:00:00Z,Y,121,"Sitting in M11 accident jam. People who crash and survive should lose their licence. I'm hot, irritable and uncharitable!"
2009/08/tweet-3232456599,2009-08-10T00:00:00Z,Y,110,Pleased to see so many people flocking to @wld this evening. I think that's a record number of members online.
2009/08/tweet-3244839116,2009-08-11T00:00:00Z,Y,137,My Reading festival tickets have been stolen. Royal Mail says they've been (Special) delivered and signed for but I've not got them. Grr.
2009/08/tweet-3284128255,2009-08-13T00:00:00Z,Y,90,Coveting a Subway BMT footlong for lunch. My Wii Fit is going to be so disappointed in me.
2009/08/tweet-3285304089,2009-08-13T00:00:00Z,Y,139,"Lost Reading Festival tickets crisis over! Postie had filed them in the wrong pigeon hole, no doubt after a liquid lunch at the Windlesora."
2009/08/tweet-3328578473,2009-08-15T00:00:00Z,Y,125,Upgraded my Sky package to include ESPN ready for Everton v Arsenal later. Let's hope ESPN's coverage is better than Setanta.
2009/08/tweet-3359084059,2009-08-17T00:00:00Z,Y,99,RT @TCEurope WhiteLabelDating.com poaches execs from Match.com and DatingDirect http://tcrn.ch/6SiQ
2009/08/tweet-3390206512,2009-08-18T00:00:00Z,Y,123,"Celtic: offered nothing, pub team players, can we play you every week, over-rated fans, song nicked from Scousers, cheerio."
2009/08/tweet-3499458205,2009-08-23T00:00:00Z,Y,137,@ioptics @teabass @rawnet Good work fellas. Last Percent looks great and my OpenID sign-up and test worked well. Now go get some sleep :)
2009/08/tweet-3536914379,2009-08-25T00:00:00Z,Y,111,Design text for usability: Jakob Nielsen on effective announcement tweets http://bit.ly/jMWZC (via @ryancarson)
2009/08/tweet-3562139253,2009-08-26T00:00:00Z,Y,100,Ankles and toes hurt from jogging on the spot on Wii Fit. Should have just gone for a run. #wiinjury
2009/08/tweet-3588567338,2009-08-27T00:00:00Z,Y,138,Scrubbed my bathrooms squeaky clean in preparation for my little sister coming to stay. Just call me Barry Scott: http://bit.ly/CillitBang
2009/08/tweet-3646473915,2009-08-30T00:00:00Z,Y,111,At #ReadingFestival watching generic shouty kids rock. Waiting for decent stuff to come on and people watching.
2009/08/tweet-3648355027,2009-08-30T00:00:00Z,Y,87,This season's festival fashion for young ladies is hotpants and wellies. So I've heard.
2009/09/tweet-3693899773,2009-09-01T00:00:00Z,Y,73,watching Radiohead from Sunday at Reading: http://bit.ly/1TgWeT (UK only)
2009/09/tweet-3719290425,2009-09-02T00:00:00Z,Y,95,"""I do enjoy a burger in a bap, but please no mayonnaise!"" Top George Dawes song. #shootingstars"
2009/09/tweet-3728707456,2009-09-03T00:00:00Z,Y,136,"@CampaignMonitor I've been unable to log in to my ""globalpersonals"" a/c for two weeks. Support/reset emails aren't being received. Help!"
2009/09/tweet-3762081386,2009-09-04T00:00:00Z,Y,99,Probably the most awww-inducing page on the web (via @b3ta): http://www.olivepixel.com/misc/kitten/
2009/09/tweet-3776656393,2009-09-05T00:00:00Z,Y,140,"Flights booked for Singapore in Jan, plans made for Andalucia in April and next I need to book Austin for SXSWi. 2010's going to be awesome."
2009/09/tweet-3806126818,2009-09-06T00:00:00Z,Y,120,Amused to see Fleshlight Motion trending on Twitter while watching sanctimonious prude fest Hardcore Profits on the box.
2009/09/tweet-3844679679,2009-09-08T00:00:00Z,Y,139,"Booked a test drive for an Audi TT on Friday morning. I'll probably frighten myself silly after 5 mins, but it's time to put up or shut up."
2009/09/tweet-3847581710,2009-09-08T00:00:00Z,Y,128,It's now more than 24 hours since we were last able to process repeat subscriptions with SagePay. Their service is still broken.
2009/09/tweet-3989125065,2009-09-14T00:00:00Z,Y,110,Rediscovering Radiohead's awesome Airbag/How Am I Driving? EP from years ago on @spotify - http://bit.ly/JaKhL
2009/09/tweet-3989494461,2009-09-14T00:00:00Z,Y,131,@BradHaverly Get stuck into @spotify. Lots of old Radiohead singles and rare stuff. Brings back happy 90s memories for us oldies :)
2009/09/tweet-4106223183,2009-09-19T00:00:00Z,Y,129,Back from the Audi dealership. Bought myself a newish ex-demo TT with lots of gadgets. Now waiting to hear when I can pick it up!
2009/09/tweet-4109318616,2009-09-19T00:00:00Z,Y,94,@BradHaverly Well the sat nav does have a 600 Mhz processor and plays DVDs so maybe one day :)
2009/09/tweet-4125937375,2009-09-20T00:00:00Z,Y,57,The worst thing about weekends is having to do housework.
2009/09/tweet-4143635856,2009-09-21T00:00:00Z,Y,127,RT @wld: New upgrade page delivers increases in partners’ revenue: http://tinyurl.com/ms5gny - doing my corporate blogging duty
2009/09/tweet-4340503619,2009-09-24T00:00:00Z,Y,124,"The sun is shining, watched my team give a superb project demo this morning and now had some very positive recruitment news."
2009/09/tweet-4350292789,2009-09-24T00:00:00Z,Y,68,I'm accidentally watching Jerry Maguire. I can feel ovaries growing.
2009/09/tweet-4365695740,2009-09-25T00:00:00Z,Y,122,Watching our very own @melkirk present beautifully at #idate about social media and dating. Best presentation so far IMHO.
2009/09/tweet-4474340534,2009-09-29T00:00:00Z,Y,134,Off to Highbury to see old kiwi faves the #datsuns play. Last saw them in 2002 I think. Nice bit of rock and roll for a sunny evening.
2009/09/tweet-4481821974,2009-09-29T00:00:00Z,Y,137,Leaving a gig in London early makes me wish I didn't live in Berkshire; escaping the city and whizzing through countryside I'm glad I do.
2009/10/tweet-4639856152,2009-10-05T00:00:00Z,Y,130,"Having a geekgasm about Micro Men, a BBC4 drama about the 80s British home computer wars: http://www.bbc.co.uk/programmes/b00n5b92"
2009/10/tweet-4705853619,2009-10-08T00:00:00Z,Y,137,Signed up to our @wld #Movember team. I'll be growing a ridiculous 'tache throughout November to help raise awareness of prostate cancer.
2009/10/tweet-4717807749,2009-10-08T00:00:00Z,Y,139,Thoroughly enjoyed Micro Men on BBC4. Happy memories and a great British story in an age of US tech. Want to fire up my Acorn Electron now!
2009/10/tweet-4718116445,2009-10-08T00:00:00Z,Y,122,RT @codegent Our new website is now live. Check it out http://bit.ly/Hlv2k - Looks awesome. Love the whizzy About Us page.
2009/10/tweet-4787487326,2009-10-11T00:00:00Z,Y,127,Selling my old Polo in Auto Trader. My first car and so also my first attempt at selling one. Bracing myself for cheeky offers.
2009/10/tweet-4812414062,2009-10-12T00:00:00Z,Y,139,"I think I've got a ghost in my office. Not only is it deathly cold, but I keep finding my blinds open. Could be that pesky @rosswilliams..."
2009/10/tweet-4814996977,2009-10-12T00:00:00Z,Y,140,"Put homemade casserole in oven, re-read recipe to find it needs 2 hours' cooking time so I'll be eating at 10pm. Should've just had a pizza."
2009/10/tweet-4817312985,2009-10-12T00:00:00Z,Y,110,Watching natural history epic Life on BBC (3 years in the making!) makes me very grateful for the licence fee.
2009/10/tweet-4837743696,2009-10-13T00:00:00Z,Y,120,"Gooners, instead of letting Barcelona's tapping up get to you, have a chuckle at the inspired @barcanews (via @arseblog)"
2009/10/tweet-4845692072,2009-10-13T00:00:00Z,Y,136,"Spent a very pleasant evening in Datchet for @nmcadden's birthday. Curry, beer and quizzing. Happy to have recruited such a lovely team."
2009/10/tweet-4846192469,2009-10-13T00:00:00Z,Y,137,Mourning the sale of my first car today after seven years. I've got a fistful of notes but it was still sad to see my Polo be driven off.
2009/10/tweet-4895519637,2009-10-15T00:00:00Z,Y,91,I've got a whacking great bruise on my arm and no idea how it got there. I'm falling apart.
2009/10/tweet-4911624350,2009-10-16T00:00:00Z,Y,132,The @wld marketing team have now put that bloody Backstreet Boys song in my head with their video: http://bit.ly/Fb4CW - nice moves!
2009/10/tweet-5050778336,2009-10-21T00:00:00Z,Y,44,Angel Delight and red wine. A winning combo.
2009/10/tweet-5127077443,2009-10-24T00:00:00Z,Y,137,"2 days in Oxfordshire at the @wld Partner Conference. 4 presentations to 70 partners = 1 tired me. Great time, but now I need some sleep!"
2009/10/tweet-5173277384,2009-10-26T00:00:00Z,Y,107,"Ruby on Rails developers, come work with me and our lovely team at White Label Dating: http://bit.ly/1UYPHB"
2009/10/tweet-5211166794,2009-10-27T00:00:00Z,Y,101,@randommelsmum The world needs more TT driving mothers of social media queens on Twitter. Keep it up!
2009/10/tweet-5319475729,2009-10-31T00:00:00Z,Y,123,"Enjoying the new Kings of Convenience album, especially as NME sneer it's ""Nick Drake for the over-30s"" http://bit.ly/GkBRf"
2009/11/tweet-5338500020,2009-11-01T00:00:00Z,Y,77,Clean shaven and bereft of facial hair for the last time this month #movember
2009/11/tweet-5397582976,2009-11-03T00:00:00Z,Y,136,@andrewgarner Thanks for sponsoring our #movember team. Are you taking part? You'll be here in time to join the tail end of our efforts.
2009/11/tweet-5464064310,2009-11-05T00:00:00Z,Y,93,Enjoyed my evening in London at the Clapham Common fireworks and meeting friends old and new.
2009/11/tweet-5505204695,2009-11-07T00:00:00Z,Y,140,"It's a toss up this afternoon between standing in the cold to watch my local football team, or cramming into a warm pub for the rugby on TV."
2009/11/tweet-5505482722,2009-11-07T00:00:00Z,Y,51,@BusyJordo Windsor & Eton FC http://www.wefc.co.uk/
2009/11/tweet-5566671804,2009-11-09T00:00:00Z,Y,41,Feeling happy and smiley all of a sudden.
2009/11/tweet-5708434972,2009-11-14T00:00:00Z,Y,65,Pleased with the XFN rel style lists of the people I follow here.
2009/11/tweet-5716827058,2009-11-14T00:00:00Z,Y,131,RT @martinbtt @wld's @taryneast in this month's RoR podcast http://is.gd/4UZKv - (00:50) talking HyperActiveResource with @topfunky
2009/11/tweet-5807605803,2009-11-17T00:00:00Z,Y,130,"Day 17 of my #movember 'tache and to go with my new Mexican look I'm drinking Corona. ¿Que pasa, gringo?  http://twitpic.com/pwss8"
2009/11/tweet-5839925530,2009-11-18T00:00:00Z,Y,116,"Oh Thierry! Your halo has well and truly slipped tonight. Not a fan of Ireland, but that's no way for France to win."
2009/11/tweet-6012691556,2009-11-24T00:00:00Z,Y,121,We're bidding a fond farewell to @ShaunMccran today while welcoming @ClearJanuary and @andrewgarner to the @wld dev team.
2009/11/tweet-6014757950,2009-11-24T00:00:00Z,Y,49,Off to see @M_Middleton_UK gig in Shepherds Bush.
2009/12/tweet-6273705397,2009-12-02T00:00:00Z,Y,137,My office has been vandalised by malicious co-workers. Now it looks like I'm a Christmas loving nutter. #humbug  http://twitpic.com/rufdj
2009/12/tweet-6384382335,2009-12-06T00:00:00Z,Y,139,Loved watching Malcolm's gradual loss of influence and control over this Thick of It series. Can't wait to see his revenge in last episode.
2009/12/tweet-6440129557,2009-12-07T00:00:00Z,Y,91,Preparing for #leweb tomorrow with a nice bottle of 2001 French red. Plus a bit of ironing.
2009/12/tweet-6527600377,2009-12-10T00:00:00Z,Y,115,"Day 2 of #leweb and fewer attendees today. Interesting @paypalx workshop, esp on chained and pre-approved payments."
2009/12/tweet-6603831306,2009-12-12T00:00:00Z,Y,138,"After helping woman at Tesco with wine from a high shelf I was asked ""can I get on my knees for you for anything."" Well it is Christmas..."
2009/12/tweet-6612352723,2009-12-12T00:00:00Z,Y,122,"Watching red button extras after cracking last The Thick of It. Pleased to hear @aiannucci refer to a ""next series"". #ttoi"
2009/12/tweet-6670324497,2009-12-14T00:00:00Z,Y,136,Done what I've been told - (re)bought RATM's awesome Killing in the Name to help it get to No1 for Xmas: http://bit.ly/4xWuXl #ratm4xmas
2009/12/tweet-6805178099,2009-12-18T00:00:00Z,Y,132,Feeling mostly human again after a cracking @wld Christmas party last night. Great to mix and dance badly with all our lovely staff.
2009/12/tweet-6843161204,2009-12-19T00:00:00Z,Y,119,Nostalgia filled gig with Shed Seven in Kentish Town. All the old favourites and even an Arsenal 3-0 prelude. Happy me.
2009/12/tweet-6862709833,2009-12-20T00:00:00Z,Y,93,Forget agony aunts: dating/mating advice by an evolutionary psychologist http://bit.ly/4VJdHC
2009/12/tweet-6944018316,2009-12-22T00:00:00Z,Y,72,Not a fan of the new(ish) Audi font. What was wrong with lovely Univers?
2009/12/tweet-6944069411,2009-12-22T00:00:00Z,Y,86,"Finished baking, cooling and safety testing chocolatey treats for my minions tomorrow."
2009/12/tweet-7197844267,2009-12-30T00:00:00Z,Y,139,Picked up some banana plugs from Wokingham. Neither as rude nor as exotic as their name suggests. They do help with my new speakers though.
2010/01/tweet-7564346408,2010-01-09T00:00:00Z,Y,138,"With a prefix of ""flirty love"", the Daily Mail giggles about ""newly single"" Andy Murray and a *15* year old girl FFS: http://bit.ly/5bPXhH"
2010/01/tweet-8003341741,2010-01-20T00:00:00Z,Y,66,"@marckysharky Forget about jQuery, have you seen the league table?"
2010/01/tweet-8163876841,2010-01-24T00:00:00Z,Y,136,"Flying to Singapore early in the morning for @cronkshaw's wedding week. First task, ignore the jet lag and head straight to the stag do."
2010/01/tweet-8437624229,2010-01-31T00:00:00Z,Y,125,Sucking up some wifi in Singapore airport as I wait to be locked in a big tube for 14 hours with hundreds of strangers. Gulp.
2010/02/tweet-8743907076,2010-02-07T00:00:00Z,Y,39,Life doesn't get much better than this.
2010/02/tweet-8825368365,2010-02-08T00:00:00Z,Y,70,"Invented chicken, bacon and banana satay kebabs. Won't try that again."
2010/02/tweet-8852120756,2010-02-09T00:00:00Z,Y,88,RT @AIannucci: There'll be a 2nd series of Stewart Lee's Comedy Vehicle. Huzzah! Huzzah!
2010/02/tweet-8915447143,2010-02-10T00:00:00Z,Y,125,"Typically for a town like Windsor, its Waitrose supermarket has sold out of quails eggs. I suppose hens eggs will have to do."
2010/02/tweet-8960380535,2010-02-12T00:00:00Z,Y,92,@BradHaverly Make sure you keep your girlfriend well away from John Terry in the VIP lounge.
2010/02/tweet-8969630732,2010-02-12T00:00:00Z,Y,134,Chrome for Mac now supports extensions and bookmark syncing in its beta. I think I'll make it my default browser. http://bit.ly/bExIwb
2010/02/tweet-9028649150,2010-02-12T00:00:00Z,Y,104,"Driving off to the seaside in the morning. Hoping for candy floss, rock, donkeys and kiss-me-quick hats."
2010/02/tweet-9199338458,2010-02-16T00:00:00Z,Y,139,"Avoided pancakes today, haven't eaten red meat or drunk coffee in 10 days and just got back from the gym. Expecting my body to mutiny soon."
2010/02/tweet-9473809947,2010-02-22T00:00:00Z,Y,140,"Big day for the @wld dev team after months of huge effort. Stunning new Rails-based project is launching, plus an internal demo of a second."
2010/02/tweet-9674364484,2010-02-26T00:00:00Z,Y,134,Hackety hackety hack. Big push at work so I've been forced to come out of coding retirement to commit my first changeset for 6 months.
2010/02/tweet-9726634590,2010-02-27T00:00:00Z,Y,62,Off to Twickenham for England v Ireland with @ian_winter #smug
2010/03/tweet-9969782049,2010-03-04T00:00:00Z,Y,77,Own up... who's been sandpapering my eyeballs in my sleep? Blink blink blink.
2010/03/tweet-10050017659,2010-03-06T00:00:00Z,Y,70,Back from a top night out with our @wld dev team. Time for some sleep.
2010/03/tweet-10528855444,2010-03-15T00:00:00Z,Y,136,"For the benefit of my team... Beware the Ides of March! http://bit.ly/11sRh3 Blank faces all round earlier. Less code, more Shakespeare."
2010/03/tweet-10591153588,2010-03-16T00:00:00Z,Y,139,Happily paid for a premium @simplenoteapp account after a polite email pointed out I'd exceeded its free API limit and would I mind paying?
2010/03/tweet-10736770531,2010-03-19T00:00:00Z,Y,113,First drink of the evening has gone straight to my head. Need to man up. Onwards to the bright lights of Windsor!
2010/03/tweet-11271883697,2010-03-29T00:00:00Z,Y,118,"Enjoyed #askthechancellors tonight, thought Vince Cable was the most impressive. Election just round the corner now..."
2010/04/tweet-11709759392,2010-04-06T00:00:00Z,Y,136,"In Malaga having a quick burst of Internet before tonight's footy in town. Trip awesome: Madrid, Seville, Cadiz, Cordoba + more to come."
2010/04/tweet-12012788519,2010-04-11T00:00:00Z,Y,111,Back home from wonderful trip through Spain and planning to stay clear of pork-based products for a little bit.
2010/04/tweet-12271185111,2010-04-16T00:00:00Z,Y,125,Slept beautifully this morning without the usual motorway of planes over Windsor. Inconvenient for those delayed but ah well.
2010/04/tweet-12814856445,2010-04-25T00:00:00Z,Y,105,Off to the gym to do a bit of running while watching proper runners doing the #londonmarathon on the TVs.
2010/04/tweet-12959602433,2010-04-27T00:00:00Z,Y,85,Completely absorbed in the snooker. Steve Davis clinging on against a flamin' Aussie.
2010/05/tweet-13179263841,2010-05-01T00:00:00Z,Y,89,The Guardian nails its colours to the Lib Dem mast: http://bit.ly/aMZX7N #libdems #ge2010
2010/05/tweet-13474365121,2010-05-06T00:00:00Z,Y,13,Voted #ge2010
2010/05/tweet-13846109903,2010-05-12T00:00:00Z,Y,101,Fascinating photos from the last minutes of Brown's prime ministership in No 10: http://bit.ly/9aQeHB
2010/05/tweet-13908173347,2010-05-13T00:00:00Z,Y,54,Word of the day in the @globaldev team is... facepalm.
2010/05/tweet-14113804449,2010-05-16T00:00:00Z,Y,125,"England have just won the World T20 cricket final against Australia. Emphatic, impressive 7-wicket win. World champions! #t20"
2010/05/tweet-14233945226,2010-05-18T00:00:00Z,Y,138,"After eating one of @ian_winter's mega muffins this morning, I've been too full for lunch and dinner's also looking unlikely. Muffin diet?"
2010/05/tweet-14648398958,2010-05-24T00:00:00Z,Y,79,"Phil Taylor, greatest sportsman in the world. TWO 9-dart finishes in one match!"
2010/05/tweet-14774902205,2010-05-26T00:00:00Z,Y,66,The UK iTunes App Store now stocks iPad apps: http://bit.ly/9EFuue
2010/05/tweet-14821434647,2010-05-27T00:00:00Z,Y,140,"RT @stephenfry: A good idea, @pownum looks useful.  &lt;-- wow, congratulations @codegent, that's the Twitter equivalent of a plug from @oprah!"
2010/05/tweet-14830353771,2010-05-27T00:00:00Z,Y,125,Cradling my new work iPad. Deflecting envious glances and accusations of fatcatism. Don't care - I've got a shiny new gadget!
2010/05/tweet-15036137884,2010-05-30T00:00:00Z,Y,41,Not sure my iPad will ever need charging.
2010/06/tweet-15348371966,2010-06-03T00:00:00Z,Y,96,Bumped into half of @globalpersonals at our local gym this evening. What a healthy bunch we are!
2010/06/tweet-15436453908,2010-06-04T00:00:00Z,Y,126,Start of @ian_winter's stag do. Others arriving and stag still relatively sober. Our task begins...  http://twitpic.com/1twa22
2010/06/tweet-15850550510,2010-06-10T00:00:00Z,Y,98,Flipping Slovakia in the @globalpersonals World Cup sweepstake. 400-1 useless rank outsiders. Meh.
2010/06/tweet-16254455393,2010-06-15T00:00:00Z,Y,114,Practising with my top hat ready for #royalascot tomorrow. There's a good reason these things went out of fashion.
2010/06/tweet-16300154521,2010-06-16T00:00:00Z,Y,78,Sat down to lunch with @WLD partners at #royalascot  http://twitpic.com/1x8q9c
2010/06/tweet-16300230370,2010-06-16T00:00:00Z,Y,96,In the Royal Enclosure with @WLD partners (@ Ascot Racecourse w/ 6 others) http://4sq.com/6BjLpN
2010/06/tweet-16573600745,2010-06-19T00:00:00Z,Y,127,"Just clocked up 1,000 listens to Death Cab for Cutie according to Last.fm scrobbles. I didn't realise I listen to them so much."
2010/06/tweet-16633303389,2010-06-20T00:00:00Z,Y,105,"Finished writing the first article for our new @globaldev dev team website, launching at the end of June."
2010/06/tweet-16847126672,2010-06-23T00:00:00Z,Y,116,"Very pleased with Apple customer service: my 18 month old dead Time Capsule is being replaced for free, all by post."
2010/06/tweet-17100287028,2010-06-26T00:00:00Z,Y,92,Joined the iPhone 4 club. So much more zippy than my 3G. Gadget lust sated (for this month).
2010/07/tweet-17888948146,2010-07-06T00:00:00Z,Y,131,"I never thought I'd say this, but I'm missing ill Jim Beglin's banalities on ITV's #worldcup coverage. Solo Tyldesley is far worse."
2010/07/tweet-18033904077,2010-07-08T00:00:00Z,Y,94,A bad start to my @globaldev Table Football League season: a loss to Rebound King @ian_winter.
2010/07/tweet-18278805358,2010-07-11T00:00:00Z,Y,93,Watching Laura run the Race for Life (@ Windsor Racecourse w/ 3 others) http://4sq.com/9twSUT
2010/07/tweet-18515952202,2010-07-14T00:00:00Z,Y,133,"The new #bbcnewssite is much better in my opinion. Sensible URLs, whitespace and even a switch to Helvetica with webkit antialiasing."
2010/07/tweet-18611097142,2010-07-15T00:00:00Z,Y,135,"Registered for @tech4africa next month in Johannesburg with @rosswilliams to learn more about the web, tech, mobile and payments in SA."
2010/07/tweet-18991502630,2010-07-20T00:00:00Z,Y,108,27C outside and yet I've got my little electric heater turned to max to counteract the air con #moan #whinge
2010/07/tweet-19077303476,2010-07-21T00:00:00Z,Y,131,Looking at South African companies that provide non-card payment methods ahead of @tech4africa next month. Recommendations welcome.
2010/07/tweet-19482921029,2010-07-25T00:00:00Z,Y,134,"Packed my girlfriend off to Cuba for a fortnight's holiday, now on to Clapham to watch Doves and others at the Ben & Jerry's festival."
2010/07/tweet-19501108163,2010-07-25T00:00:00Z,Y,83,At the Ben & Jerry's Festival (@ Clapham Common w/ 38 others) http://4sq.com/84Z5it
2010/07/tweet-19729562544,2010-07-28T00:00:00Z,Y,124,"Writing a multi-page document with Markdown, TextMate and a handy bit of CSS for printing: h2 { page-break-before: always; }"
2010/08/tweet-20302875386,2010-08-04T00:00:00Z,Y,136,Holding midfielders and the 4-2-1-3 formation: http://bit.ly/cO0ihD  http://gu.com/p/2tz4q - I miss the days of the Vieira/Petit shield.
2010/08/tweet-20377509093,2010-08-05T00:00:00Z,Y,93,Handy new Gmail feature (in Chrome): drag and drop attachments to save - http://bit.ly/cmwrVb
2010/08/tweet-20552495218,2010-08-07T00:00:00Z,Y,78,At @ian_winter and Jenn's wedding (@ Easthampstead park) http://4sq.com/ddQ93P
2010/08/tweet-20803547340,2010-08-10T00:00:00Z,Y,51,Off to Johannesburg for a few days for @tech4africa
2010/08/tweet-21577448734,2010-08-19T00:00:00Z,Y,107,A-level results day = teenage girl photo frenzy in the UK media http://sexyalevels.tumblr.com/ /via @qwghlm
2010/08/tweet-21585908977,2010-08-19T00:00:00Z,Y,50,Today I learned a delightful new word... vajayjay.
2010/09/tweet-22699043760,2010-09-01T00:00:00Z,Y,139,Back from a lovely break in France I'm tonight heading to Brighton for the @dconstruct workshops and conference with @ioptics and @timblair
2010/09/tweet-22793483316,2010-09-02T00:00:00Z,Y,77,Great morning at @dconstruct productivity workshop. Getting myself organised.
2010/09/tweet-23177215332,2010-09-06T00:00:00Z,Y,128,"Spa weekend in Wiltshire booked. Dangerously outside my comfort zone, but have gained vast numbers of girlfriend brownie points."
2010/09/tweet-23857267867,2010-09-07T00:00:00Z,Y,117,"The xx shake off Weller and those tedious folkies to win the #mercury prize. Great album, still playing it regularly."
2010/09/tweet-24119249155,2010-09-10T00:00:00Z,Y,124,"It's been a hard Friday. Scrub, massage, gym, swim, sauna, steam room, monsoon shower and now this: http://yfrog.com/5nmmznj"
2010/09/tweet-24191953328,2010-09-11T00:00:00Z,Y,105,At the Rec watching players from Bath and London Irish warm up. Very much being ignored by a giddy Laura.
2010/09/tweet-24926982796,2010-09-19T00:00:00Z,Y,89,Watching the Great North Run coverage hoping to catch a glimpse of Super Laura in action.
2010/09/tweet-25151028362,2010-09-21T00:00:00Z,Y,79,"""Shall we make a DVD?"" sing the Gooners at WHL. Class. Game over. #nld #arsenal"
2010/09/tweet-25402550133,2010-09-24T00:00:00Z,Y,87,Enjoying the Friday @globaldev team forum. Good discussion with the team on deployment.
2010/10/tweet-26394588169,2010-10-04T00:00:00Z,Y,93,Miguel Angel Jimenez and Mickey Rourke in The Wrestler: separated at birth? #rydercup #justme
2010/10/tweet-26396240315,2010-10-04T00:00:00Z,Y,138,Inbetweeners writers: do your homework. Uni of Warwick is based in Coventry. Also that student house has a London road sign outside. Lazy.
2010/10/tweet-26567049079,2010-10-06T00:00:00Z,Y,139,Impressed by the demo I've just had from my @globaldev team of a major new @wld feature coming soon. A few niggles but great progress made.
2010/10/tweet-27246637697,2010-10-13T00:00:00Z,Y,135,"After years of thinking about it, I've just booked laser eye surgery. 3 weeks of glasses (no contacts) beforehand and then never again!"
2010/10/tweet-27369762015,2010-10-14T00:00:00Z,Y,133,Still got it. Fixed girlfriend's O2 broadband VPN problems by downgrading router firmware and blocking auto-update port. She swooned.
2010/10/tweet-27916159320,2010-10-20T00:00:00Z,Y,76,Working from home while a workman planes my kitchen door. Losing man points.
2010/10/tweet-28507818234,2010-10-23T00:00:00Z,Y,135,Highlight of the @wld conference: @rosswilliams not realising he still had his radio mic turned on while going for a piss. Comedy gold.
2010/10/tweet-28530838802,2010-10-23T00:00:00Z,Y,127,In Essex in front of my parents' fire eating crumble. Perfect way to recover after a hugely successful @wld partner conference.
2010/10/tweet-28768894986,2010-10-26T00:00:00Z,Y,53,There's a dog barking in the office next to me again.
2010/10/tweet-29229453175,2010-10-31T00:00:00Z,Y,132,Back from a Halloween party dressed as a tiger. Face painted and wearing an adult tiger print romper suit from Primark. Did the job.
2010/11/tweet-29373974563,2010-11-01T00:00:00Z,Y,113,RT @MacRumors: iOS 4.1 Daylight Saving Time Bug Strikes Europe http://macrumo.rs/9de5SP /cc @stooty @clearjanuary
2010/11/tweet-29508415460,2010-11-02T00:00:00Z,Y,66,Gareth Bale was a monster against Inter tonight. Shame he's Welsh.
2010/11/tweet-29571858606,2010-11-03T00:00:00Z,Y,140,Courtesy of the lovely @ian_winter I've got tickets to see Foo Fighters in July. Just as excited to be seeing Death Cab for Cutie again too.
2010/11/tweet-2118700169699328,2010-11-09T22:01:52Z,Y,136,Saw more suicidal cyclicists tonight riding in the dark without lights. Did they never take their Cycling Proficiency Test? #suicyclists
2010/11/tweet-4207018135003136,2010-11-15T16:20:05Z,Y,38,The office now smells of urinal cakes.
2010/11/tweet-4973367941668865,2010-11-17T19:05:17Z,Y,127,"Oooh. Murder enquiry in nearby sleepy Sunningdale. ""Sledgehammered"" hostage found in a van on the A30 and the road is now shut."
2010/11/tweet-5681627040583680,2010-11-19T17:59:40Z,Y,118,Watching the Chuckle Brothers and Cheeky Girls on Celebrity Coach Trip. Sounds like an Alan Partridge TV series pitch.
2010/11/tweet-6713169468727296,2010-11-22T14:18:38Z,Y,133,"@bradhaverly this will make your day: RT @MacRumors: iOS 4.2 to Be Released Today, 'Find My iPhone' Now Free http://macrumo.rs/ct1OjH"
2010/11/tweet-6860112849281024,2010-11-23T00:02:33Z,Y,137,Impressed with Airplay streaming from my iPad to my Airport Express in iOS 4.2. No more need for the Remote app to play music wirelessly.
2010/11/tweet-7768380014592001,2010-11-25T12:11:40Z,Y,137,Smartened up today to attend the Deloitte Tech Fast 50 awards. We're ranked top in the South East and 8th in the UK: http://bit.ly/i1emwL
2010/11/tweet-7835605211807744,2010-11-25T16:38:48Z,Y,64,In Economics lecture at the Emirates. Looking around for Wenger.
2010/11/tweet-8620821543129088,2010-11-27T20:38:58Z,Y,120,Giving this recipe a go. Milk and white wine in a bolognese? 4 hours' cooking time? Better be good: http://bit.ly/e462Qs
2010/11/tweet-8952916769513474,2010-11-28T18:38:36Z,Y,109,Lunch in Marylebone with my housemates from 10 years ago in Auckland. We're all older but very much the same.
2010/11/tweet-9589159463227392,2010-11-30T12:46:48Z,Y,229,"""Location-based dating is just too creepy for the majority of people"" - http://onlinedatingpost.com/archives/2010/11/location-based-dating-startup-seeks-place-data-for-a-check-in-app/ /via @datinginsider - even under 30s I'd say."
2010/12/tweet-9989696092372992,2010-12-01T15:18:23Z,Y,112,On a train hurtling through snowy England to Manchester enjoying the free wifi and beer (courtesy of @martinbtt)
2010/12/tweet-11481664211390464,2010-12-05T18:06:56Z,Y,85,Reading was heaving today but chuffed that all my offline Christmas shopping is done.
2010/12/tweet-11898140290457600,2010-12-06T21:41:52Z,Y,138,"Tried to update the @wld status blog with note about our payment gateway being down, but it's hosted on @tumblr which is currently... down"
2010/12/tweet-12209661822373888,2010-12-07T18:19:44Z,Y,67,"Off to the O2 tonight to see Suede, 14 years after I first saw them"
2010/12/tweet-12995065580359680,2010-12-09T22:20:39Z,Y,137,It's hard enough recruiting. If I were a future graduate facing a lifetime of crippling tuition fee repayments I'd emigrate #ukbraindrain
2010/12/tweet-13000443336593408,2010-12-09T22:42:01Z,Y,137,Despairing at media focus on Charles and Camilla's sodding car getting defaced. Main issue buried in favour of actions by idiot minority.
2010/12/tweet-13234734331076608,2010-12-10T14:13:01Z,Y,70,Discovery of the day: Diet Cherry Coke tastes like Jägerbombs #shudder
2010/12/tweet-15175427207200769,2010-12-15T22:44:38Z,Y,68,"Karren Brady: brains, beauty and even knows football. #theapprentice"
2010/12/tweet-15538936851988481,2010-12-16T22:49:05Z,Y,132,Yahoo is reportedly shutting down Delicious. Dreadful news if true. I've been using it for links for 6 years.  http://tcrn.ch/g26dvL
2010/12/tweet-15807099925692416,2010-12-17T16:34:40Z,Y,136,Genuinely pleased Arsenal have drawn Barcelona in the Champions League. They're the best team in the world right now so nothing to lose.
2010/12/tweet-16216419926544384,2010-12-18T19:41:10Z,Y,138,Eyes recovering well after fighting through the snow to Harley Street for laser surgery today. Yes @cronkshaw you can smell the burning...
2010/12/tweet-17261151553327104,2010-12-21T16:52:33Z,Y,135,I'm hoping that Santa reads @hicksdesign's hands-on Apple TV 2 review and decides I've been a good boy this year - http://bit.ly/eb4acz
2011/01/tweet-22061965534822400,2011-01-03T22:49:17Z,Y,123,Has there ever been a worse advert than that Confused.com singing cartoon woman nonsense? What do you sell? 18m strong? Eh?
2011/01/tweet-22077282520670208,2011-01-03T23:50:08Z,Y,77,"Sent a wink to my other half, Laura, one year ago today. Online dating works."
2011/01/tweet-23085869778866176,2011-01-06T18:37:54Z,Y,102,Epic 10-hour strategy meeting today and now I'm heading to a networking dinner in central London #hero
2011/01/tweet-23173823125790720,2011-01-07T00:27:24Z,Y,111,"Back home from London, 8th wicket just gone, new ball to come. Should I stay up to listen to the end? #theashes"
2011/01/tweet-24571706030948352,2011-01-10T21:02:05Z,Y,139,"Watching Fiona, an unflappable Eddie Stobart female driver, reversing an articulated lorry down an icy slip road on Five. Balls and beauty."
2011/01/tweet-25327537567567872,2011-01-12T23:05:30Z,Y,122,"Endured 2.5 hours of meandering, inaccessible gibberish watching the latest Harry Potter film at the cinema. She loved it."
2011/01/tweet-26959170301333504,2011-01-17T11:09:01Z,Y,149,"""5 reasons why I can’t date muggles"" (geeks dating non-geeks) - http://www.horsepigcow.com/2010/11/5-reasons-why-i-cant-date-muggles/ /via @missrogue"
2011/01/tweet-27011551181406208,2011-01-17T14:37:10Z,Y,180,How @monochromeuk scaled their Rails app with @heroku to cope with a national TV ad campaign: http://www.monochrome.co.uk/blog/2011/01/17/riding-the-rails-through-a-tv-ad-campaign/
2011/01/tweet-27405332951080960,2011-01-18T16:41:55Z,Y,105,"Excerpt from a slide in a meeting this morning: we need to ""leverage the synergies"" #buzzwordbingo #house"
2011/01/tweet-28053914276331520,2011-01-20T11:39:09Z,Y,221,"Daily Mail columnist spends 3 months on dating sites without going on any dates: spreads usual false, bitter clichés - http://www.dailymail.co.uk/femail/article-1348718/Online-dating-Single-white-female-seeks-losers.html"
2011/01/tweet-28148661380718592,2011-01-20T17:55:38Z,Y,140,"I've booked a haircut at a fashionable salon with a stylist called Misty. Preparing myself for a Geek Pie, yeah? http://youtu.be/WKS6ShrGrog"
2011/01/tweet-29114672095436800,2011-01-23T09:54:13Z,Y,76,@larrylou100 This is a public reply that you and your followers see #testing
2011/01/tweet-29635902028390400,2011-01-24T20:25:24Z,Y,139,Masterstroke from Sky: replace Andy Gray with Sam Allardyce in the commentary box so that we're left begging for the sexist Scot to return.
2011/01/tweet-29660659482365953,2011-01-24T22:03:46Z,Y,99,"Git, Heroku, Ruby, PostgreSQL, Sinatra, Active Record... getting back to some hacking and learning."
2011/01/tweet-31002208430465024,2011-01-28T14:54:37Z,Y,108,Subverting the system: scoffing a chocolate muffin with the queen's head on. Thanks @timblair #muffinanarchy
2011/01/tweet-31027077499068418,2011-01-28T16:33:26Z,Y,56,This has ruined my Friday. Sickening. http://goo.gl/Kfgu
2011/02/tweet-33129954895990784,2011-02-03T11:49:31Z,Y,132,"Filling out my appraisal form. I've done my fair share of these as a manager, but it's much harder filling out your own #grumble #hr"
2011/02/tweet-33241667876167681,2011-02-03T19:13:25Z,Y,137,"Sad to be missing out on a London reunion with ex colleagues tonight, but happy to be making progress with rebooting the @globaldev team."
2011/02/tweet-33856086855389184,2011-02-05T11:54:54Z,Y,132,"Door-to-door bible bashers: if you're trying to convince me there's a God, don't use the Garden of Eden story as your main argument."
2011/02/tweet-34216993955655680,2011-02-06T11:49:01Z,Y,86,Finally saw The King's Speech last night. Thoroughly worth all the acclaim it has had.
2011/02/tweet-35009723635859456,2011-02-08T16:19:03Z,Y,157,"Tweets aren't private and republishing isn't an invasion of privacy, rules the Press Complaints Commission (UK) http://www.bbc.co.uk/news/technology-12393893"
2011/02/tweet-35068277973585920,2011-02-08T20:11:43Z,Y,134,"Nursing @larrylou100 back to health after being concussed this afternoon. Treatment includes chinese, chocolate and a dreadful romcom."
2011/02/tweet-35657726570790912,2011-02-10T11:13:59Z,Y,90,Error: Firefox not compatible with windows http://youtu.be/7LduDVpjpdA /via @neilmiddleton
2011/02/tweet-36491949317820416,2011-02-12T18:28:53Z,Y,120,Cracking day at the rugby this afternoon. Italy left a few holes but England were far too good anyway. Time for a curry!
2011/02/tweet-37137945752244224,2011-02-14T13:15:50Z,Y,136,"Forget Valentine's Day, I'm currently giddy to learn that the new @radiohead album #thekingoflimbs is out on Saturday http://rhd.cc/jd19"
2011/02/tweet-37471915241119744,2011-02-15T11:22:55Z,Y,110,"Using microformats to show you fancy someone. Geeks do it with rel=""crush"" http://bit.ly/e36J49 /via @currybet"
2011/02/tweet-37617310445486080,2011-02-15T21:00:40Z,Y,45,The #Brits are so bad I'd rather watch Spurs.
2011/02/tweet-38007955135799296,2011-02-16T22:52:57Z,Y,132,"Happy birthday @larrylou100. I may not have watched Arsenal beat Barcelona, but I've spent a lovely evening with you. Time for cake."
2011/02/tweet-39749121237729281,2011-02-21T18:11:43Z,Y,92,Just spent an eye-watering £65 to fill up my car. I think that's a personal best (or worst).
2011/02/tweet-39950034476859392,2011-02-22T07:30:05Z,Y,135,Waking up to the terrible news from NZ about the death and destruction from the Christchurch earthquake. Thoughts are with kiwis today.
2011/02/tweet-40435808615792641,2011-02-23T15:40:22Z,Y,97,"Ordering database servers with a staggering 144Gb of memory each. Yes, that's memory not storage."
2011/02/tweet-40548582696161280,2011-02-23T23:08:30Z,Y,136,On a train travelling through major parts of SW London. Orange coverage is a disgrace. May as well be tweeting via smoke signals. Avoid.
2011/02/tweet-42245674321985536,2011-02-28T15:32:08Z,Y,140,"Even though I have Office and iWork, I force myself to use Google Docs. Its simplicity means I can't play with design/layout and just write."
2011/03/tweet-42708389356253184,2011-03-01T22:10:48Z,Y,121,Testing oembed with twitpic. Here's a photo of some of the @globaldev team away from their Macs http://twitpic.com/454utv
2011/03/tweet-42968366171955200,2011-03-02T15:23:51Z,Y,180,I can't imagine Rooney being as charming with supermarket staff as his strike partner: http://www.digitalspy.co.uk/forums/showpost.php?p=48417446&postcount=1612 /via @zonal_marking
2011/03/tweet-43360593301876736,2011-03-03T17:22:25Z,Y,173,"Black day for SagePay, our payment provider, who has been up and down all day. PR disaster too: http://www.facebook.com/SupportedForSagepay http://twitter.com/search/sagepay"
2011/03/tweet-44359478140870656,2011-03-06T11:31:38Z,Y,118,Struggling to find a sun holiday with @larrylou100. Every potential option is ruled out by TripAdvisor horror reviews.
2011/03/tweet-45026111402409984,2011-03-08T07:40:36Z,Y,179,"Prevent accidental cmd-q quitting of Chrome (Mac) by going to about:flags and clicking ""Enable"" under ""Confirm to Quit"" http://code.google.com/p/chromium/issues/detail?id=35022#c6"
2011/03/tweet-45228937994973186,2011-03-08T21:06:33Z,Y,75,Eating pancakes while watching Barcelona v Arsenal is not good for my heart
2011/03/tweet-47348494784139264,2011-03-14T17:28:55Z,Y,58,"""Barry, I wanted to reach out to you..."" =&gt; email deleted."
2011/03/tweet-47581136284684288,2011-03-15T08:53:21Z,Y,62,Watching out for conspirators today. Beware the Ides of March!
2011/03/tweet-50200332407537665,2011-03-22T14:21:06Z,Y,131,"Pleased with Due, a reminder iPhone/iPad app that badgers me repeatedly until I do what I keep putting off - http://www.dueapp.com/"
2011/03/tweet-50303690325762049,2011-03-22T21:11:49Z,Y,134,"Watch @AdrianPoynton's White Van Man on BBC3 at 10:30 tonight. I hear it's like Spartacus but with more swearing, nudity and fighting."
2011/03/tweet-50580232645771264,2011-03-23T15:30:41Z,Y,149,That was painless. My Orange iPhone now switches to/from T-Mobile as part of the merged Everything Everywhere system: http://everythingeverywhere.com
2011/03/tweet-51035022483931137,2011-03-24T21:37:52Z,Y,143,Great looking niche dating site just launched on @wld: HotForGinger (http://hotforginger.com) One of the best designs I've seen on our platform
2011/03/tweet-51409300177948672,2011-03-25T22:25:06Z,Y,118,Friday night in with @larrylou100 and Bess the dog. Not visible: endless canine flatulence.  http://twitpic.com/4d96f8
2011/03/tweet-51720785856962560,2011-03-26T19:02:50Z,Y,146,"Sitting at a small table with my iPad, wine and crisps. Surprisingly easy to write on the screen, plus no distractions.  http://twitpic.com/4dlm7o"
2011/03/tweet-52074624267202560,2011-03-27T18:28:52Z,Y,108,Census submitted online. Missed the last one while living in NZ so this is my very first as an adult #census
2011/03/tweet-53101314044989441,2011-03-30T14:28:34Z,Y,190,"""Don’t give your customers what they ask for; give them what they _want_"" - lessons from GitHub's @mojombo - http://tom.preston-werner.com/2011/03/29/ten-lessons-from-githubs-first-year.html"
2011/04/tweet-53947898794225664,2011-04-01T22:32:36Z,Y,130,Saw Doug Stanhope in a tiny venue in Leics Sq tonight. Tomorrow he's at the Apollo. Very funny and adept at dealing with hecklers.
2011/04/tweet-57545482729295872,2011-04-11T20:48:06Z,Y,103,Irritated to find that my design skills from 2009 are far better than what I can do now. #outofpractice
2011/04/tweet-57572163456221184,2011-04-11T22:34:08Z,Y,98,"Love this developer job ad: ""To apply, check the HTTP headers."" http://bandcamp.com/jobs#developer"
2011/04/tweet-57877076178501632,2011-04-12T18:45:44Z,Y,102,@BradHaverly Retweeting Kelly Osbourne and admiring nice Dolly Parton: worried about you this evening.
2011/04/tweet-59253743098662912,2011-04-16T13:56:07Z,Y,133,Spending a happy day with #6music. #adamandjoe were on top form and now Liz Kershaw's playing Elastica and Steve Mason. #lovetheradio
2011/04/tweet-59989263424569345,2011-04-18T14:38:49Z,Y,168,I may live in Windsor but no one gave me a castle. Something to wear on the wedding day: http://www.philosophyfootball.com/view_item.php?pid=694 #commoner #royalwedding
2011/04/tweet-62538028727537664,2011-04-25T15:26:42Z,Y,103,Snooping around the sleepy village where @larrylou100 is teaching at from Sep. Bit quieter than Slough.
2011/04/tweet-63332158021967873,2011-04-27T20:02:17Z,Y,89,ITV brings out the big guns for Barca v Real: two failed Boro managers and Andy Townsend.
2011/04/tweet-63538624431534080,2011-04-28T09:42:43Z,Y,193,"Our shaman-prince chooses peasant-spawned serf-girl in ""healing ritual for Broken Britain"" -- Stewart Lee on top form http://www.guardian.co.uk/stage/2011/apr/27/royal-wedding-secret-kate-wills"
2011/04/tweet-63867864096055296,2011-04-29T07:31:00Z,Y,102,In bed on a bank holiday morning but I've been abandoned in favour of this bloody #royalwedding on TV.
2011/04/tweet-63981246908346368,2011-04-29T15:01:32Z,Y,42,@larrylou100 Love the new photo. Freckles!
2011/04/tweet-64061110776627200,2011-04-29T20:18:53Z,Y,107,Barnstorming fightback by Judd Trump in the Snooker. Welcome entertainment after all that wedding nonsense.
2011/04/tweet-64462197941739520,2011-04-30T22:52:40Z,Y,95,The Ronin car chase scene through Paris is just fantastic. Love those angry Audi engine sounds.
2011/05/tweet-64747123421360128,2011-05-01T17:44:51Z,Y,134,"Discovering new (to me) music: Kisses, Radio Dept. and Warpaint, courtesy of Mr @hobbsy. Also loving The Pains of Being Pure at Heart."
2011/05/tweet-65051875724111872,2011-05-02T13:55:50Z,Y,46,Living the Bank Holiday Monday Homebase dream.
2011/05/tweet-65166883921465344,2011-05-02T21:32:50Z,Y,145,My experiences having laser eye surgery and why you should go for it too: http://barryfrost.com/articles/get-your-eyes-lasered #eyesurgery #lasik
2011/05/tweet-65168946621448192,2011-05-02T21:41:02Z,Y,161,"@mattjukes I said I'd let you know how my eye lasering went. Here's a write-up: http://barryfrost.com/articles/get-your-eyes-lasered (in summary, glad I did it)."
2011/05/tweet-65331076532412416,2011-05-03T08:25:17Z,Y,137,Predictions on what iCloud (Apple's rumoured music/storage/sync platform) may look like http://shawnblanc.net/2011/05/icloud-predictions/
2011/05/tweet-65404955334426624,2011-05-03T13:18:51Z,Y,139,"Guy pulls up outside, music blaring from his car. Parks on a yellow line, pops a disabled badge on his dash and strolls off carefree. #grrr"
2011/05/tweet-66118106933772290,2011-05-05T12:32:39Z,Y,137,"AV and local elections voting done but had to dodge a Tory exit poller on the way out. If charity reps are chuggers, he must be a tugger."
2011/05/tweet-66477364858716161,2011-05-06T12:20:13Z,Y,113,In a pretty Surrey village waiting outside a church for wedding proceedings to kick off. Glorious weather for it.
2011/05/tweet-66992347686244352,2011-05-07T22:26:35Z,Y,129,Ripping apart that ridiculous 2bn royal wedding viewers stat: http://www.gyford.com/phil/writing/2011/05/06/2-billion-viewers.php
2011/05/tweet-67682559588446208,2011-05-09T20:09:14Z,Y,116,"I've made myself a self-hosted short URL system with my new bfr.st domain to link to things, e.g. http://bfr.st/2Tqu"
2011/05/tweet-67905659718467584,2011-05-10T10:55:45Z,Y,137,Sky's Remote Record never fails to impress me: requests on their site/app goes back to my box via an actual satellite in space #thefuture
2011/05/tweet-68651452490457089,2011-05-12T12:19:16Z,Y,153,I like the simplicity of Google's #chromebook for just browsing & typing. The iPad could do with its multi-user feature http://www.google.com/chromebook/
2011/05/tweet-69869919226961920,2011-05-15T21:01:01Z,Y,139,Sore legs and hoarse from recruiting with the @globaldev team at today's @milkroundabout. Met some great developers so thoroughly worth it.
2011/05/tweet-69870500192587776,2011-05-15T21:03:20Z,Y,128,Well done and many thanks to @jimeh @Jennyuffer @martinbtt and @rosswilliams for their hard work hustling and recruiting for us.
2011/05/tweet-70613983727587328,2011-05-17T22:17:40Z,Y,137,I want to replace my work iPhone on O2 with the latest Android model for testing/research. Bewildering options. Recommendations? #lazyweb
2011/05/tweet-70906955614523392,2011-05-18T17:41:50Z,Y,109,"Decision made on a new work Android phone, thanks to @cronkshaw 's recommendation. HTC Desire S on its way..."
2011/05/tweet-70908715095695360,2011-05-18T17:48:49Z,Y,138,"Impressed with @37signals' Highrise as a tool for managing recruitment leads. Gravatars, Twitter feed and maps helping us qualify and act."
2011/05/tweet-71915704496029696,2011-05-21T12:30:14Z,Y,50,Lunchtime barbecue in the garden with @larrylou100
2011/05/tweet-72771727398150144,2011-05-23T21:11:46Z,Y,100,Bashing away at a new blog post for tomorrow. Also upgraded to Ruby 1.9 on #Heroku. Almost painless.
2011/05/tweet-73752147413573632,2011-05-26T14:07:36Z,Y,83,The recruitment threesome: my advice to leave everyone satisfied http://bfr.st/26xF
2011/05/tweet-73759373545050112,2011-05-26T14:36:19Z,Y,130,"""Thomas, bursting through the midfield. It's up for grabs now!"" http://www.youtube.com/watch?v=bQmO3S2eLPE #Anfield89 #StThomasDay"
2011/05/tweet-73876298128297984,2011-05-26T22:20:56Z,Y,140,"First day using Android after 3 years of iOS. I'm unimpressed. It's inconsistent, ugly and clunky. The Gmail app is the best feature so far."
2011/06/tweet-76008775517085697,2011-06-01T19:34:38Z,Y,141,Twitter's API entities docs now updated to show how to refer to its upcoming photos functionality http://dev.twitter.com/pages/tweet_entities
2011/06/tweet-76236255804928000,2011-06-02T10:38:34Z,Y,249,Mainstream: @tweetdeck and #siliconroundabout featured in The Sun with a map/who's who of startups http://www.thesun.co.uk/sol/homepage/news/sunemployment/3613584/TweetDeck-inventor-Iain-Dodsworth-explains-secret-of-his-web-success.html /via @lastfm
2011/06/tweet-76282754903445504,2011-06-02T13:43:20Z,Y,179,"""Stewart Lee doesn't just tell jokes: he milks them... [cont'd]"" fantastic comment below a Guardian editorial on SL http://www.guardian.co.uk/discussion/comment-permalink/11002309"
2011/06/tweet-76338433605386240,2011-06-02T17:24:35Z,Y,164,"If Apple do release a MacBook Air with an ARM A5 CPU, it'll be the first since Acorn's ARM-powered A4 launched in 1992 http://acorn.chriswhy.co.uk/Computers/A4.html"
2011/06/tweet-76975091493249024,2011-06-04T11:34:26Z,Y,140,Ordered the new big loud Foo Fighters album after watching last night's cracking Back and Forth documentary http://www.bbc.co.uk/i/b011px34/
2011/06/tweet-77007178254389248,2011-06-04T13:41:56Z,Y,135,"The test match, Euro qualifiers, French Open finals, the Derby, lovely sunshine... How am I supposed to get anything done this weekend?"
2011/06/tweet-77800754546614273,2011-06-06T18:15:20Z,Y,62,Hopelessly glued to the #keynote like a good little Apple geek
2011/06/tweet-77835238146969600,2011-06-06T20:32:21Z,Y,75,I would love to see iMessage push to iChat on Lion as well as iOS5 devices.
2011/06/tweet-77844097666269186,2011-06-06T21:07:33Z,Y,139,We've got dozens of Macs in the office. Will I be able to buy multiple copies of Lion through the Mac App Store using one company Apple ID?
2011/06/tweet-79280903897104384,2011-06-10T20:16:55Z,Y,273,"Life imitating art: years after Brass Eye's ""tarted-up tots"" http://www.youtube.com/watch?v=fLyLGrbKokI&feature=player_detailpage#t=935s mum buys 7-year-old daughter boob job http://www.metro.co.uk/news/865754-human-barbie-buys-7-year-old-daughter-boob-job-for-her-birthday"
2011/06/tweet-80401196585730048,2011-06-13T22:28:33Z,Y,69,Flying visit to Essex today for my mum's retirement/birthday shindig.
2011/06/tweet-80990950398242816,2011-06-15T13:32:01Z,Y,137,Turned on the little heater under my desk to counteract the unstoppable air con from above. Chilly head and scalded ankles. #notverygreen
2011/06/tweet-81416764059156481,2011-06-16T17:44:03Z,Y,204,Apple is patenting an opt-in friendship/dating matching system using geolocation and data on your iPhone http://www.macrumors.com/2011/06/16/apple-researching-how-the-iphone-can-help-you-make-new-friends/
2011/06/tweet-82109048773820417,2011-06-18T15:34:57Z,Y,69,Rain. Sunshine. Rain. Sunshine. Rain. Sunshine. Rain. #makeyourmindup
2011/06/tweet-82476923493691392,2011-06-19T15:56:45Z,Y,107,"Witness the Fitness: I'm trying to be a bit healthier through exercise, diet and gadgets http://bfr.st/6UbV"
2011/06/tweet-83298364418039808,2011-06-21T22:20:52Z,Y,63,Lovely dinner and drinks with the @globaldev team this evening.
2011/06/tweet-84020854933028865,2011-06-23T22:11:47Z,Y,107,(Re)watching Children of Men. It gets better every time. That continuous siege scene at the end is amazing.
2011/06/tweet-84218954305900544,2011-06-24T11:18:58Z,Y,197,"Arsenal's Emirates Cup promo email uses Van Persie to represent the Club, not Fabregas the captain: http://www.arsenal.com/assets/images/newsletter/emiratescup_230611/emiratescup2.html #onhiswayout"
2011/06/tweet-84739797968621568,2011-06-25T21:48:36Z,Y,124,Back in my old Wandsworth stomping ground for a few quality pints at The Alma but now hurtling home to Windsor on the train.
2011/06/tweet-85980531803701249,2011-06-29T07:58:50Z,Y,135,"If people I know start to join and use Google+ I will too. I've no loyalty to Facebook or Twitter, just their critical mass #googleplus"
2011/06/tweet-86026110185385984,2011-06-29T10:59:57Z,Y,85,Fifa rankings are hilarious. England 4th best in the world?! http://gu.com/p/3v7z8/tw
2011/06/tweet-86174402915467264,2011-06-29T20:49:13Z,Y,86,Nice to see our near neighbours in Windsor @1HQbrandagency on tonight's #theapprentice
2011/06/tweet-86547917082599424,2011-06-30T21:33:26Z,Y,175,"Every Google page displays Google+ notifications in the top bar, luring you back in http://www.allfacebook.com/the-one-google-plus-feature-facebook-should-fear-2011-06 #sticky"
2011/07/tweet-87104286932217856,2011-07-02T10:24:14Z,Y,110,There's a huge pirate bouncy [castle] ship in the nursery school playground behind my house. Insanely jealous.
2011/07/tweet-87115240864628736,2011-07-02T11:07:46Z,Y,156,.@contrast's new @intercomapp for tracking/managing relationships with site users looks mightily impressive http://contrast.ie/blog/product-launch-intercom/
2011/07/tweet-87945685172891648,2011-07-04T18:07:39Z,Y,93,These #NoTW Milly Dowler phone hacking allegations are just astonishing http://gu.com/p/3vbxc
2011/07/tweet-87984221687255040,2011-07-04T20:40:47Z,Y,214,Doing a GTD-style mind sweep of tasks and actions into my new beta @asana account. Starting to believe the hype: http://techcrunch.com/2011/02/07/finally-facebook-co-founder-opens-the-curtain-on-two-year-old-asana/
2011/07/tweet-90332926176272384,2011-07-11T08:13:42Z,Y,85,@martinbtt Good luck with your new job today. Hope you haven't forgotten how to code!
2011/07/tweet-90434602434428928,2011-07-11T14:57:44Z,Y,113,Persona: experimental Mac email client with person-centric views http://www.personamail.info/ /via @ignorethecode
2011/07/tweet-90915395631988736,2011-07-12T22:48:14Z,Y,217,Loving our new recruit @thesambarnes' list of 20 things that drive project managers crazy. Watch out @globaldev ! http://www.thesambarnes.com/web-project-management/twenty-things-that-drive-web-project-managers-crazy/
2011/07/tweet-91400796259880963,2011-07-14T06:57:02Z,Y,127,We're going to the darts! RT @timblair: in possession of tickets for next year's Lakeside World Darts #onehundredandeiiiiiighty
2011/07/tweet-92286760473722880,2011-07-16T17:37:32Z,Y,180,Set up dgAway (a free Android app) to forward SMSs from my work mobile to my iPhone so hopefully I'll stop missing texts https://market.android.com/details?id=com.blau.android.away
2011/07/tweet-93243262336385024,2011-07-19T08:58:20Z,Y,157,Tech-savvy recruiter @voltsteve on how to manage recruiters and get better results http://voltsteve.blogspot.com/2011/07/questions-from-my-experience-as.html
2011/07/tweet-93674454370107393,2011-07-20T13:31:44Z,Y,138,Mac OS X Lion is out so it's time to read John Siracusa's definitive review http://arstechnica.com/apple/reviews/2011/07/mac-os-x-10-7.ars
2011/07/tweet-94754700783652865,2011-07-23T13:04:15Z,Y,101,"I'm at Ben And Jerrys Sundae Double Scoop (Clapham Common, London) w/ 14 others http://4sq.com/pXcMNc"
2011/07/tweet-95179796920799233,2011-07-24T17:13:26Z,Y,57,Sunburnt nose. Retreating inside to watch the test match.
2011/07/tweet-96168627929219072,2011-07-27T10:42:42Z,Y,97,"Ask, debrief and warn: three great ground rules for teams http://kkovacs.eu/teamwork-ground-rules"
2011/07/tweet-96204463177613313,2011-07-27T13:05:06Z,Y,140,"Normally I hate having my hair cut, but today I was treated to Van's views on free energy in the air that oil companies are keeping from us."
2011/07/tweet-96606542731812864,2011-07-28T15:42:49Z,Y,143,Fascinating interactive map showing the left/right wing government shifts in European countries over the last 40 years http://gu.com/p/2qnt7/tw
2011/07/tweet-96632345775439872,2011-07-28T17:25:21Z,Y,101,"No air con in the office again today, so this post-work ice-cold Corona is going down extremely well."
2011/07/tweet-96705122599571456,2011-07-28T22:14:32Z,Y,166,The Bluths are back: Arrested Development film is confirmed http://www.huffingtonpost.com/2011/07/07/arrested-development-movie-happening-jeffrey-tambor_n_892430.html
2011/07/tweet-97279939564417024,2011-07-30T12:18:39Z,Y,135,"Sun and champagne on our chauffeured launch on the river. Happy 60th, Dad. (@ Hobbs of Henley w/ 2 others) [pic]: http://4sq.com/o7QTOb"
2011/07/tweet-97299321703235584,2011-07-30T13:35:40Z,Y,131,"Went past Paul Daniels' house on the river. He and Debbie McGee were moving the rabbit run in the garden. White rabbits, naturally."
2011/08/tweet-98138135862583297,2011-08-01T21:08:49Z,Y,130,Discovered a decomposed banana at the bottom of my work bag. Wondered why I could often smell bananas in the office. #seniormoment
2011/08/tweet-98458039664918528,2011-08-02T18:20:00Z,Y,219,Is this what web recruitment has come to? Successful Zoosk applicants can win a date with Samantha/Steve from its TV ads http://www.onlinepersonalswatch.com/news/2011/08/zoosk-launches-employee-recruitment-campaign.html
2011/08/tweet-102760030532681728,2011-08-14T15:14:35Z,Y,90,Readjusting to life after holidays and catching up after my self-imposed internet embargo.
2011/08/tweet-103135543969320960,2011-08-15T16:06:44Z,Y,137,"Just unfollowed Fabregas. No grudge, good luck to him, but I really don't want to hear him bleat on about how great life is at Barca #afc"
2011/08/tweet-103868955290116097,2011-08-17T16:41:03Z,Y,171,"The new play.com design is great, but expecting visitors to ""be inspired by our lifestyle imagery"" is a bit much... http://www.play.com/Campaign.html?campaign=9237&cur=257"
2011/08/tweet-104184449419329536,2011-08-18T13:34:43Z,Y,146,A-Level exam results are out today which must mean it's time for another batch of sexy jumping girls in the papers! http://sexyalevels.tumblr.com/
2011/08/tweet-104958784346140672,2011-08-20T16:51:38Z,Y,62,Bedridden: blurry vision and headache. Thank goodness for TMS.
2011/08/tweet-105982888364883968,2011-08-23T12:41:04Z,Y,212,"Barcelona ditching specialists in favour of a ""team of midfielders"". Tactics nerdery: http://www.goal.com/en/news/1717/editorial/2011/08/16/2617774/with-the-signing-of-arsenals-cesc-fabregas-barcelona-could-begin"
2011/08/tweet-107161157395152897,2011-08-26T18:43:05Z,Y,111,"Not in fucking Dalston, but close http://www.thisisntfuckingdalston.co.uk/ Skinny jeans and sweatbands a-go-go."
2011/08/tweet-107496871169236993,2011-08-27T16:57:05Z,Y,164,Had a full English earlier at the Acoustic Café in Newington Green: best breakfast I've ever had http://londonist.com/2010/04/dining_beyond_zone_1_acoustic_cafe.php
2011/08/tweet-107914241230647296,2011-08-28T20:35:34Z,Y,78,Loving the Belle and Sebastian being played (@ The Alma) http://4sq.com/qGW7KF
2011/08/tweet-108789009853067264,2011-08-31T06:31:35Z,Y,107,It must be Transfer Deadline Day: I'm listening to TalkSport for the latest scraps of transfer gossip… #tdd
2011/08/tweet-108789522736754688,2011-08-31T06:33:38Z,Y,136,"For just one day, when I see the #tdd hashtag my first thought is Transfer Deadline Day rather than Test Driven Development. Footy geek."
2011/08/tweet-108960322177609728,2011-08-31T17:52:19Z,Y,116,Hopelessly glued to a breathless Sky Sports News and Twitter. Arteta and/or Benayoun could be on their way #afc #tdd
2011/08/tweet-108978119955853312,2011-08-31T19:03:03Z,Y,83,"Our sources say, on this dramatic transfer deadline day, that it's JIM WHITE!! #tdd"
2011/08/tweet-109029373541232640,2011-08-31T22:26:42Z,Y,136,"Last day of the @globalpersonals financial year, we've just celebrated our eighth birthday and today has been our best ever revenue day."
2011/09/tweet-109268775785869312,2011-09-01T14:18:00Z,Y,119,These days I mainly go to gigs of reformed bands from the nineties. Tonight: Pulp in Brixton http://l.songkick.com/Fgq0
2011/09/tweet-109402441803497472,2011-09-01T23:09:09Z,Y,82,The downside of a good midweek night out in London: the crappy train service home.
2011/09/tweet-109402828904210432,2011-09-01T23:10:41Z,Y,111,Pulp were excellent at Brixton tonight. Disco 2000 and Babies were my highlights. Jarvis: the perfect frontman.
2011/09/tweet-110045411074506754,2011-09-03T17:44:05Z,Y,133,At Malmesbury carnival. Just seen a float with kids in hoodies and scarves holding shoeboxes. They're supposed to be rioters. Really.
2011/09/tweet-110664505100484608,2011-09-05T10:44:08Z,Y,133,"Enjoying junk (snail) mail this morning from a ""leading IT business"" specialising in ""Optimising Your Connected World"" #marketingguff"
2011/09/tweet-111166340538179586,2011-09-06T19:58:15Z,Y,138,"Tyldesley, Townsend, Southgate, The Verve, wafer thin analysis, pathetic jingoistic Sharp idents #thisiswhy I hate watching England on ITV"
2011/09/tweet-112120815453077504,2011-09-09T11:11:00Z,Y,159,"To celebrate the Rugby World Cup kicking off in NZ earlier, I'm listening to some old Kiwi favourites, Letterbox Lambs http://www.last.fm/music/Letterbox+Lambs"
2011/09/tweet-113958813740179456,2011-09-14T12:54:33Z,Y,178,All power to Richard Dawkins and his new book that attempts to educate children about science truth vs religious myths http://news.bbc.co.uk/1/hi/programmes/newsnight/9590895.stm
2011/09/tweet-113960060497043456,2011-09-14T12:59:30Z,Y,67,New Delicious design and new features coming: http://nyti.ms/omcxX6
2011/09/tweet-114065569652809728,2011-09-14T19:58:45Z,Y,66,"Pie, Cornish ales and excellent chat with Mr @timblair after work."
2011/09/tweet-114640881776201728,2011-09-16T10:04:50Z,Y,92,At #futureofmobile (@ Mermaid Conference & Events Centre w/ 16 others) http://4sq.com/pZK8dp
2011/09/tweet-115516698731360257,2011-09-18T20:05:01Z,Y,80,New blog post: Deciding what film to watch with APIs and Ruby http://bfr.st/6LeS
2011/09/tweet-115754301644750848,2011-09-19T11:49:10Z,Y,51,Ill. Not left home since Friday. Major cabin fever.
2011/09/tweet-116254888597528576,2011-09-20T20:58:20Z,Y,143,All singles should be 7 min double A sides epics sung by Tiny from Ultrasound http://soundcloud.com/label-fandango/sets/welfare-state-sovereign
2011/09/tweet-116488306690240513,2011-09-21T12:25:51Z,Y,111,@cronkshaw @craftyuk Saw this obsessive critique of Singapore pizza and thought of you chaps http://j.mp/n4lC3A
2011/09/tweet-116831782959198210,2011-09-22T11:10:42Z,Y,100,"Downloading and searching through a dozen mobile dating apps. For research purposes, you understand."
2011/09/tweet-116876175330131968,2011-09-22T14:07:06Z,Y,32,T I M http://instagr.am/p/Nz-zj/
2011/09/tweet-116969673702125568,2011-09-22T20:18:38Z,Y,134,Why link this to Essex? Just a normal secondary school in England. C4 clearly just going for Essex lulz in its promos. #educatingessex
2011/09/tweet-117261044560297984,2011-09-23T15:36:26Z,Y,71,@andrewgarner and @ian_winter at #yellowfoot http://instagr.am/p/N6wDL/
2011/09/tweet-118432214802366464,2011-09-26T21:10:15Z,Y,58,Yay! This is Jinsy! Sky Atlantic right now. Indescribable.
2011/09/tweet-118782667239079936,2011-09-27T20:22:49Z,Y,139,"@larrylou100 “@stephenfry: Actually, all Comic Sans used as #PlanetWord font w/o my knowledge […] *ashamed*” &lt;&lt; see, I wasn't the only one!"
2011/09/tweet-119100812290035712,2011-09-28T17:27:01Z,Y,51,Sunset in the Great Park http://instagr.am/p/Od7zM/
2011/09/tweet-119326181995724800,2011-09-29T08:22:33Z,Y,105,Disaster: Espresso coffee machine is kaput so I'm forced to drink Nescafé instant muck #firstworldproblem
2011/10/tweet-120584727144046592,2011-10-02T19:43:33Z,Y,134,I don't like listening to the public singing ballads and then crying or celebrities dancing in blouses. TV is pretty much a write-off.
2011/10/tweet-121188208645120001,2011-10-04T11:41:35Z,Y,81,I'm a total client: contradicted my own brief for @thesambarnes' project #badboss
2011/10/tweet-121832985552101376,2011-10-06T06:23:41Z,Y,95,Steve Jobs: died too early but his legacy will live on for years to come. Sad start to the day.
2011/10/tweet-123083619282583553,2011-10-09T17:13:16Z,Y,112,"The new Müller yoghurt advert with Mister Men, KITT, Muttley and Yogi Bear is insane http://youtu.be/wBujoJpDxo0"
2011/10/tweet-124010709154660352,2011-10-12T06:37:11Z,Y,139,18/24 = above pass level in the UK citizenship test. Easy. Everyone who's failing: report to Dover for deportation http://gu.com/p/32gmb/tw
2011/10/tweet-124087784955842561,2011-10-12T11:43:28Z,Y,139,I feel sorry for RIM engineers down the road in Slough right now. On the day Apple's iMessage launches BBM is in its third day of downtime.
2011/10/tweet-124374661336272896,2011-10-13T06:43:24Z,Y,115,@bfirsh Massively impressed with the Guardian iPad app. Gorgeous but also responsive. Congratulations #guardianipad
2011/10/tweet-124593804136288256,2011-10-13T21:14:12Z,Y,127,Pivotal Tracker now integrates with Google Apps - attach a GDoc or use SSO with team http://www.youtube.com/watch?v=wFxJhhqz3r4
2011/10/tweet-124604163408674816,2011-10-13T21:55:22Z,Y,138,"Forget Big Brother, a massive Steve Jobs poster on the wall would make you think twice before doing anything half-arsed http://j.mp/qYJGXA"
2011/10/tweet-125998342072320001,2011-10-17T18:15:20Z,Y,172,All the Shine compilations collected at Spotify playlists http://bfr.st/4J3M Sleeper! Kula Shaker! Kenickie! Marion! http://en.wikipedia.org/wiki/Shine_(compilation_series)
2011/10/tweet-126337074713473024,2011-10-18T16:41:20Z,Y,51,Mobile coverage on SW Trains routes: still abysmal.
2011/10/tweet-126340059002699776,2011-10-18T16:53:12Z,Y,139,"Feeling sorry for the man sitting in front in a grey suit plodding through emails in Outlook 2003 on a big, grey, corporate Windows laptop."
2011/10/tweet-126947958913642496,2011-10-20T09:08:46Z,Y,117,"Slides are done, notes written, now for the drive to Hertfordshire to prepare for our annual @wld Partner Conference."
2011/10/tweet-126983245354115072,2011-10-20T11:28:59Z,Y,110,Team @wld hard at work in the conservatory (@ Fanham Hall Hotel w/ @rosswilliams) [pic]: http://4sq.com/pF1yAU
2011/10/tweet-127374450940313601,2011-10-21T13:23:30Z,Y,138,Brand new @wld mobile web project demo'd to partners to great acclaim. Bolt-ons also well received. All credit to @globaldev team #wldconf
2011/10/tweet-127709596725936128,2011-10-22T11:35:15Z,Y,112,Presenting at the Silver day at the @wld Partner Conference #wldconf (@ Fanham Hall Hotel) http://4sq.com/recBeg
2011/10/tweet-128047009117638657,2011-10-23T09:56:00Z,Y,85,@RadioSuntan @teina @deepfried Delighted for my old kiwi mates. Congratulations guys!
2011/10/tweet-129101310606848000,2011-10-26T07:45:25Z,Y,179,Want a Ruby job at a UK startup? Come to Silicon Milkroundabout in London this Sunday http://globaldev.co.uk/2011/10/join-us-at-back-at-silicon-milkroundabout/ /cc @milkroundabout
2011/10/tweet-129127187990323200,2011-10-26T09:28:15Z,Y,138,"In a white hire van on the M4. Van's clean and shiny, we forgot to buy The Sun to put on the dash and radio is tuned to XFM. #doingitwrong"
2011/10/tweet-129297494529163267,2011-10-26T20:44:59Z,Y,90,"""Two-thirds of mobile search comes from Apple iOS devices"" http://j.mp/pJ9l7i /via @gruber"
2011/10/tweet-129530257177980929,2011-10-27T12:09:54Z,Y,122,"Just received my £270 cheque from @envirofoneuk for my iPhone 4. Easy, transparent and less stress than eBay. Recommended."
2011/10/tweet-129966139664105472,2011-10-28T17:01:57Z,Y,120,Turns out that having hot stones rubbed over you is really quite pleasant. Spa day at the Runnymede was very nice today.
2011/10/tweet-130191410912702464,2011-10-29T07:57:05Z,Y,71,Up very early and now on my first train to get to BarCamp London. #bcl9
2011/10/tweet-130275488152289280,2011-10-29T13:31:11Z,Y,130,Given up trying to put together a #bcl9 talk while here. Too much good stuff that I don't want to miss. Very high standard so far.
2011/10/tweet-130726125113581568,2011-10-30T19:21:51Z,Y,136,Long but rewarding day recruiting for @globaldev at Silicon Milkroundabout in London. Big thanks to @jasonkneen @tomgiddings @jimeh #smr
2011/11/tweet-131768249443553280,2011-11-02T16:22:53Z,Y,138,Love the sound of Chaos Monkey - tool that randomly deliberately breaks production instances to test failover http://bfr.st/5JTK /via @dhh
2011/11/tweet-131772320992862209,2011-11-02T16:39:04Z,Y,170,iOS Gmail app out. Not bad. Looks like single account only for now and the scrolling lacks momentum. Embedded web view? http://itunes.apple.com/app/gmail/id422689480?mt=8
2011/11/tweet-132107138284797952,2011-11-03T14:49:30Z,Y,158,Enjoying watching the @globaldev engineering team collaborate through sending pull requests in shared @github repos http://help.github.com/send-pull-requests/
2011/11/tweet-132138416438648833,2011-11-03T16:53:48Z,Y,143,"Great to see @guardian devs given platform to explain: ""How a Javascript upgrade brought down our commenting platform"" http://gu.com/p/33532/tw"
2011/11/tweet-133654580847329280,2011-11-07T21:18:29Z,Y,136,C4's #hippo isn't off to a great start. Dodgy equipment and a naff serious voiceover man. Attenborough wouldn't stand for this malarkey.
2011/11/tweet-134298997325172736,2011-11-09T15:59:10Z,Y,89,Evening Standard's list of the most influential tech people in London: http://bfr.st/51ng
2011/11/tweet-134343326097870849,2011-11-09T18:55:19Z,Y,115,Seeing Fountains of Wayne at the Scala in King's Cross tonight. Looking forward to some proper power pop and tunes.
2011/11/tweet-134782222355021824,2011-11-10T23:59:20Z,Y,83,Nice to see multitasking gestures come to first gen iPads in the iOS 5.0.1 upgrade.
2011/11/tweet-136193055777767424,2011-11-14T21:25:29Z,Y,56,New article: Switching from Chrome to Safari bfr.st/2CSC
2011/11/tweet-136853005562675200,2011-11-16T17:07:53Z,Y,139,"Blatter: ""There is no racism... this is a game.... we shake hands"". Kick this buffoon out of football now http://gu.com/p/33dmg #blatterout"
2011/11/tweet-137115902062768130,2011-11-17T10:32:33Z,Y,148,"The Real London Tech Startups http://www.duedil.com/london-real-tech-startups/ &gt;&gt; beyond Silicon Roundabout, including @globalpersonals /via @duedil"
2011/11/tweet-137263135282315264,2011-11-17T20:17:36Z,Y,139,"Lady Gaga grabs her cock singing ""Born this way"" for Children in Need concert opener. Now looking at her arse in a thong. All for the kids."
2011/11/tweet-137458028562759680,2011-11-18T09:12:02Z,Y,61,How @jimeh manages Ruby on his local Macs: http://bfr.st/4e95
2011/11/tweet-137942664548073472,2011-11-19T17:17:48Z,Y,73,Belgian dinner with Laura (@ Belgo Centraal) [pic]: http://4sq.com/vty0xC
2011/11/tweet-137976648325799936,2011-11-19T19:32:51Z,Y,134,"Full of mussels and strong Belgian beer. About to see Yes, Prime Minister. Fantastic evening (@ Gielgud Theatre) http://4sq.com/rygzxJ"
2011/11/tweet-138637265248337920,2011-11-21T15:17:54Z,Y,129,"It's my birthday so I'm enjoying a day off with a lie-in, presents, spot of shopping, tea, Star Wars on Blu-ray and later dinner."
2011/11/tweet-141514218980655105,2011-11-29T13:49:53Z,Y,153,"BERG's Little Printer: cute wireless mini printer that produces b&w weather, puzzles, headlines and updates via cloud http://bergcloud.com/littleprinter/"
2011/12/tweet-142738960454647808,2011-12-02T22:56:34Z,Y,135,"Stewart Lee signed my ""Jerry Springer: The Opera"" DVD after his gig tonight. A lovely, funny man although not terribly fond of Twitter."
2011/12/tweet-142739568423223296,2011-12-02T22:58:59Z,Y,78,"Today I have eaten only porridge, scallops and rocket. I could murder a kebab."
2011/12/tweet-142981815953661952,2011-12-03T15:01:36Z,Y,137,My hometown Chelmsford are playing Macclesfield for a place in the FA Cup third round for the first time in my lifetime. Come on Clarets!
2011/12/tweet-143313451459162113,2011-12-04T12:59:24Z,Y,128,"Just had a ""someone on the internet is wrong"" moment but simply closed the browser rather than submit an infantile snarky reply."
2011/12/tweet-143349999709847554,2011-12-04T15:24:37Z,Y,91,Xmas tree bought to keep @larrylou100 quiet. I've been banned from putting any tinsel on :(
2011/12/tweet-143370782318403584,2011-12-04T16:47:12Z,Y,139,Battling bravely through man-flu but my voice is laughably pathetic. With a day of meetings ahead I'm going to be doing a lot of listening.
2011/12/tweet-143771278803873792,2011-12-05T19:18:38Z,Y,220,Headhunt the best staff by buying their company @github =&gt; @orderedlist https://github.com/blog/993-ordered-list-is-a-githubber and @facebook =&gt; @gowalla http://blog.gowalla.com/post/13782997303/gowalla-going-to-facebook
2011/12/tweet-143969034969419776,2011-12-06T08:24:27Z,Y,188,"I was enjoying this article on corporate nonsense-speak until the author advises we ""internalize"" its lesson http://blogs.hbr.org/pallotta/2011/12/i-dont-understand-what-anyone.html #irony"
2011/12/tweet-145645437645357056,2011-12-10T23:25:52Z,Y,126,"Receiving dozens of emails from competitors' dating sites meant for ""djbarry5"" who clearly doesn't know his own email address."
2011/12/tweet-146618299185238016,2011-12-13T15:51:41Z,Y,115,"Enjoying @benhammersley being interviewed on @radioroundabout. Previously: Run DMC's festive ""Christmas in Hollis""."
2011/12/tweet-147022049691443201,2011-12-14T18:36:02Z,Y,122,"Snail mail of the day: a letter from Leeds United FC proposing a partnership to ""enhance our biz dev initiatives in 2012""…"
2011/12/tweet-147633480891777025,2011-12-16T11:05:39Z,Y,127,IT suppliers: time is running out to shamelessly bribe me with Christmas presents to win your business in 2012. Don't miss out…
2011/12/tweet-147712298243457025,2011-12-16T16:18:50Z,Y,125,So proud of my team… RT @jimeh: Someone at my office just got the weirdest secret Santa gift ever. http://instagr.am/p/ZdaM-/
2011/12/tweet-147781019897053185,2011-12-16T20:51:55Z,Y,133,"In the office with the @globaldev team, watching them put in another epic shift on the biggest project we've ever done. So close now."
2011/12/tweet-148906522771070976,2011-12-19T23:24:16Z,Y,185,My girlfriend marvels at my ability to recall Sky channel numbers but such skills were honed on Ceefax's football pages http://thefootballattic.blogspot.com/2011/12/ceefax-football.html
2011/12/tweet-149531489674084352,2011-12-21T16:47:39Z,Y,161,Massive product launch by the team: RT @globaldev: Announcing the @wld mobile web platform http://globaldev.co.uk/2011/12/announcing-the-wld-mobile-web-platform/
2011/12/tweet-149626570028486656,2011-12-21T23:05:28Z,Y,130,Handy new service by @jasonkneen RT @tweet4me: We're here. http://tweet4.me - scheduled and delayed tweets from ANY twitter client
2011/12/tweet-150935114849857536,2011-12-25T13:45:10Z,Y,77,About to begin a stunning Christmas lunch at the Hobsons'. Happy Xmas to you.
2011/12/tweet-153260515697754114,2011-12-31T23:45:29Z,Y,113,Hootenanny! Best wishes everyone for 2012 http://www.youtube.com/watch?v=04mwN5Zjg5c&feature=youtube_gdata_player
2012/01/tweet-153846576723398656,2012-01-02T14:34:16Z,Y,12,Househunting
2012/01/tweet-155629084670558208,2012-01-07T12:37:19Z,Y,138,@swombat I registered my company on the Companies House site. Easy and v quick. One of your articles inspired me to do so at Xmas in fact!
2012/01/tweet-157148082386120705,2012-01-11T17:13:17Z,Y,60,Off to the BDO darts with @ian_winter @timblair and @debbie.
2012/01/tweet-159603037760004097,2012-01-18T11:48:24Z,Y,119,"Enjoying @herpderpedia's RTs of some very confused Wikipedia visitors (""What does Wikipedia have against soap?""). #sopa"
2012/01/tweet-159631756151095296,2012-01-18T13:42:31Z,Y,138,"Dear SaaS app developers, please add a field for a finance/accounts email address to send any receipts rather than the account owner. Thx."
2012/01/tweet-159691359383601152,2012-01-18T17:39:21Z,Y,33,Off to Windlesham to see a house.
2012/01/tweet-159739357215997953,2012-01-18T20:50:05Z,Y,118,This Baker Brothers tosh on C4 is unwatchable. Rage rising. They're smugger than Simon Cowell with the only parachute.
2012/01/tweet-159965939264274433,2012-01-19T11:50:26Z,Y,52,Buried under a 17-email boss laptop sync. Send help.
2012/01/tweet-160356130101534721,2012-01-20T13:40:55Z,Y,108,Lunchtime mission to buy some sort of silver-based christening present for a friend's little girl completed.
2012/01/tweet-160433731260268544,2012-01-20T18:49:16Z,Y,81,Apparently slap cheek is a real disease for children and not a boys' school jape.
2012/01/tweet-161845286619197440,2012-01-24T16:18:17Z,Y,133,"Gigs for Ultrasound on Thursday and Kaiser Chiefs on Saturday this week, plus booked to see The Pains of Being Pure at Heart in March"
2012/01/tweet-161863990794915840,2012-01-24T17:32:37Z,Y,140,"I spend all day in Things on Mac/iPhone but I'm becoming quite tempted by Omnifocus. Pricey, but strong recommendations. Any fans out there?"
2012/01/tweet-162119817061613569,2012-01-25T10:29:11Z,Y,147,The Strange Face project: photos of people listening to a lost recording of Nick Drake's Cello Song http://elastictv.com/elastictv/strangeface.html
2012/01/tweet-162142662466609153,2012-01-25T11:59:57Z,Y,137,"Before O2 do the right thing and stop putting their customers' numbers in headers, we could store them for advertising. Just a thought..."
2012/01/tweet-162205721633619968,2012-01-25T16:10:32Z,Y,33,Baby in office = lots of clucking
2012/01/tweet-162948412306755584,2012-01-27T17:21:43Z,Y,92,Why would you have such a tiny strip of grass in your back garden? http://twitpic.com/8ccthr
2012/01/tweet-163329318850805760,2012-01-28T18:35:18Z,Y,81,"Very late train, noisy kids and the stench of vomit. Gotta love public transport."
2012/01/tweet-164035209862455296,2012-01-30T17:20:16Z,Y,98,Trawling through a 44-page Apple licence agreement. Really don't want to end up as a HumancentiPad
2012/02/tweet-164799027467124736,2012-02-01T19:55:24Z,Y,96,TV's #ripoffbritain demonstrates why some people just shouldn't be allowed credit or debit cards
2012/02/tweet-164812776542437376,2012-02-01T20:50:02Z,Y,134,Using ControlPlane to automatically toggle wi-fi and Bluetooth when switching between using my MBA at home and work http://bfr.st/5zVF
2012/02/tweet-165357330261741568,2012-02-03T08:53:54Z,Y,101,Dusting off my coding keyboard ready for a day of hacking at our first @globaldev Hack Day #gdhackday
2012/02/tweet-165390133049311232,2012-02-03T11:04:15Z,Y,57,git: I love you and hate you in equal measures #gdhackday
2012/02/tweet-165417680147456001,2012-02-03T12:53:42Z,Y,55,Using Twitter's Bootstrap for the first time #gdhackday
2012/02/tweet-165424077299912704,2012-02-03T13:19:08Z,Y,80,Our hack may not have sexy visualisations but it'll be damn useful /cc @timblair
2012/02/tweet-165454095212224514,2012-02-03T15:18:24Z,Y,81,Panic! Where has the day gone? Just over an hour to go of the Hack Day #gdhackday
2012/02/tweet-166939174266601473,2012-02-07T17:39:35Z,Y,78,“E-Pro” by Beck is my new jam. ♫  http://t.thisismyjam.com/barryf #thisismyjam
2012/02/tweet-167228326136647680,2012-02-08T12:48:34Z,Y,140,"I've decided to open an offshore account so that my boss can do something special tax-free for me each month, just like Milan did for Harry."
2012/02/tweet-167232623771529217,2012-02-08T13:05:39Z,Y,179,"Google are opening ""Campus"" in East London: office and event space spanning seven floors for startups http://gigaom.com/2012/02/07/how-google-will-court-startups-at-london-campus/"
2012/02/tweet-167373409607622656,2012-02-08T22:25:05Z,Y,174,Neat tip towards the end of this article on combining CSS or JS files through Liquid includes on a Jekyll site http://developmentseed.org/blog/2011/09/09/jekyll-github-pages/
2012/02/tweet-169411485783687168,2012-02-14T13:23:40Z,Y,154,I like Valentine's Day when I'm given Fist of Fun as a present (not a euphemism) http://www.gofasterstripe.com/cgi-bin/website.cgi?page=videofull&id=11569
2012/02/tweet-171296251508301824,2012-02-19T18:13:03Z,Y,99,"Really enjoying Fantastic Mr Fox. Classic Wes Anderson touches and casting, but where's the Futura?"
2012/02/tweet-171605764815859712,2012-02-20T14:42:57Z,Y,101,Setting up our new London office with @ian_winter (@ Global Personals (London)) http://4sq.com/w6Optz
2012/02/tweet-172058686783619072,2012-02-21T20:42:42Z,Y,140,Chuckling at One Direction boy thanking Radio 1 listeners for an award sponsored by Capital FM. Imagining PR exec bollocking them backstage.
2012/02/tweet-172067268715491328,2012-02-21T21:16:48Z,Y,80,"Cesc, put your tongue back in. Also, can you come back to Arsenal please? #brits"
2012/02/tweet-172319024183644161,2012-02-22T13:57:11Z,Y,106,"Blur/New Order/Specials in Hyde Park on 12 August? Don't mind if I do. Good work on the phones, Mr Mowatt."
2012/02/tweet-172423317976920065,2012-02-22T20:51:37Z,Y,139,"Watership Alan: my favourite Partridge, now on Dave. That Chris Morris interview, Simon Pegg and Peter Baynham with a voicebox #spineinabap"
2012/02/tweet-172449859218059264,2012-02-22T22:37:05Z,Y,135,The saddest sound: the pathetic clunk-whir of a broken hard disk trying in vain to boot up. Bugger. Time to upgrade my home iMac to SSD
2012/02/tweet-173750857542803456,2012-02-26T12:46:47Z,Y,136,Heading to Barcelona for the Mobile World Congress #mwc12 next week. North London Derby to watch at the airport first. Come on you reds!
2012/02/tweet-173890280079110145,2012-02-26T22:00:48Z,Y,89,"Settling in to Barcelona with @rosswilliams, ready for #mwc12 to kick off in the morning."
2012/02/tweet-174066644799324160,2012-02-27T09:41:36Z,Y,112,"I'm at GSMA Mobile World Congress (Av. Reina Maria Cristina, s/n, Barcelona) w/ 329 others http://4sq.com/zMMZJw"
2012/02/tweet-174121591825895424,2012-02-27T13:19:57Z,Y,81,Hearing about cows painted with QR codes at #mwc12. Finally found a use for them.
2012/02/tweet-174515309737291776,2012-02-28T15:24:26Z,Y,140,Enjoying a glossy presentation on Arsenal's global mobile marketing at #mwc12. Nice to see Arshavin's goal against Barca shown on big screen
2012/02/tweet-174843067898134528,2012-02-29T13:06:50Z,Y,118,AT&T guy slowly reading out presentation slides at the start of a session on innovation in mobile. Uninspiring. #mwc12
2012/03/tweet-175168677170266112,2012-03-01T10:40:41Z,Y,138,"What if iOS 6 came with iVoice: phone app pushed free voice between iPhones over 3G/wifi falling back to carrier, similar to iMessage/SMS."
2012/03/tweet-175169319632764928,2012-03-01T10:43:14Z,Y,130,"Just imagining, but if anyone could shake up complacent carriers to price plans based on data usage and allow iVoice, Apple could."
2012/03/tweet-176362819439173632,2012-03-04T17:45:47Z,Y,101,"Enjoying a Mediterranean G&T: Bombay Sapphire gin, Fever Tree tonic water and a sprig of lemon thyme."
2012/03/tweet-176363390552375296,2012-03-04T17:48:03Z,Y,98,Also enjoying watching Spurs being stuffed again. An unusually good weekend of results for Arsenal
2012/03/tweet-176664563914248192,2012-03-05T13:44:48Z,Y,136,"Heading to new office by Waterloo Station from Windsor. Taxi driver: ""Is that near King's Cross?"" I don't think he'd pass The Knowledge."
2012/03/tweet-176705587181142016,2012-03-05T16:27:49Z,Y,131,Settling in to the new @globalpersonals London office. Pretty nice view. (@ Global Personals (London)) [pic]: http://4sq.com/ADQmd8
2012/03/tweet-177512917544083456,2012-03-07T21:55:52Z,Y,105,Other half is watching One Born Every Minute just a little too intently. I've already been shushed twice.
2012/03/tweet-177829799128076288,2012-03-08T18:55:02Z,Y,63,Who chooses a Wetherspoons to meet in when you're in Islington?
2012/03/tweet-177857212327276547,2012-03-08T20:43:58Z,Y,124,"I'm at O2 Academy Islington for The Pains of Being Pure At Heart (16 Parkfield St, London) w/ 2 others http://4sq.com/xyI3QE"
2012/03/tweet-178876391830462464,2012-03-11T16:13:49Z,Y,103,"Roast beef, sticky toffee pudding, Merlot and now watching the Rosbifs winning in Paris. A good Sunday."
2012/03/tweet-179304569845719040,2012-03-12T20:35:15Z,Y,62,"""He's like a weird Mark Owen"" - @larrylou100 on Tomas Rosicky."
2012/03/tweet-179900836560900096,2012-03-14T12:04:36Z,Y,168,"Chelmsford (my birthplace) has been awarded city status - the only city in Essex. In your face, Colchester http://www.bbc.co.uk/news/uk-england-essex-17363701 #essexboy"
2012/03/tweet-180224207936946176,2012-03-15T09:29:34Z,Y,128,I've replaced Mail with Sparrow in my iPhone's dock. Review: http://www.theverge.com/2012/3/14/2857268/sparrow-for-iphone-review
2012/03/tweet-182584478840004609,2012-03-21T21:48:26Z,Y,48,These shouty women are terrifying #theapprentice
2012/03/tweet-182860452605333504,2012-03-22T16:05:03Z,Y,161,The rumours are true. How I'm giving Essex reality queen @laurenpope a boost: http://www.nma.co.uk/news/towie-stars-dating-site-gets-mobile-boost/4000816.article
2012/03/tweet-183972166507827202,2012-03-25T17:42:37Z,Y,65,"""The BBC Micro can still teach us a lot"" http://gu.com/p/36ct2/tw"
2012/03/tweet-184375287792943105,2012-03-26T20:24:28Z,Y,118,"Optimus Alive 3-day festival in Lisbon in July booked up. Headliners: The Stone Roses, The Cure and Radiohead. Result."
2012/03/tweet-184395240671690753,2012-03-26T21:43:45Z,Y,57,"""Is it a condom, or is it an Android?"" http://bfr.st/6DfU"
2012/03/tweet-184939441176068097,2012-03-28T09:46:13Z,Y,139,Spam from CheetahMail about engaging with customers via email has no unsubscribe link… I'm told to contact their client services team #fail
2012/03/tweet-185354395905572864,2012-03-29T13:15:06Z,Y,140,End of financial year you say? RT @SkyNewsBreak AA: Increased sales from panic buying will bring in more than £32m in extra fuel excise duty
2012/03/tweet-185758109967458305,2012-03-30T15:59:19Z,Y,45,Made from 100% pear http://twitpic.com/93bei0
2012/03/tweet-186161586417827840,2012-03-31T18:42:35Z,Y,76,Stunning venue for a gig. (@ Royal Albert Hall) [pic]: http://4sq.com/Hsffvd
2012/03/tweet-186213250323582976,2012-03-31T22:07:53Z,Y,116,I've seen hundreds of gigs but Jarvis Cocker stands head and shoulders above all others as best front man. Peerless.
2012/03/tweet-186224795220840448,2012-03-31T22:53:45Z,Y,97,Arriving late at Slough on a Saturday night to find the Windsor train is still waiting = Big Win.
2012/04/tweet-186526859255750656,2012-04-01T18:54:03Z,Y,117,Happy to report I've become an uncle to baby George this afternoon. Congratulations to my sister @MissSpanna and Stu.
2012/04/tweet-188360965199372289,2012-04-06T20:22:08Z,Y,44,I am a Draw Something widow /cc @larrylou100
2012/04/tweet-191893439766478848,2012-04-16T14:18:55Z,Y,102,Back in the office after a splendid week away and pleased to find our well-oiled machine humming away.
2012/04/tweet-191893842868441088,2012-04-16T14:20:32Z,Y,148,"If you haven't already seen, we launched a new @globaldev site at http://globaldev.co.uk alongside @globalpersonals' at http://globalpersonals.co.uk"
2012/04/tweet-192604085441146881,2012-04-18T13:22:47Z,Y,33,Raining again :( SL4 3/10 #ukrain
2012/04/tweet-194801828561563648,2012-04-24T14:55:49Z,Y,139,"If your business depends on its payment gateway for online payments an outage isn't merely an ""inconvenience"" it means you're losing money."
2012/04/tweet-194884218503970816,2012-04-24T20:23:13Z,Y,131,"Conflicted: I hate Chelsea and would hate for them to win the Champions' League, but can't help wanting them to keep Barcelona out."
2012/04/tweet-195807963112423425,2012-04-27T09:33:51Z,Y,136,"I wish @guardian's mobile site had proper page titles rather than ""m.guardian.co.uk"", especially when I Instapaper articles on my phone."
2012/05/tweet-197660525205798912,2012-05-02T12:15:16Z,Y,200,Best part of working in our London office: lunch from Lower Marsh market. Today was a Chicken Keema burrito from Chula http://londonist.com/2012/03/london-markets-meet-the-makers-chula-fused-foods.php
2012/05/tweet-197707567420547072,2012-05-02T15:22:11Z,Y,227,Join me and sponsor Brian Blessed's world record Space Hopper bounce attempt for the very worthy Cystic Fibrosis Trust http://uk.virginmoneygiving.com/fundraiser-web/fundraiser/showFundraiserProfilePage.action?userUrl=bigbounce
2012/05/tweet-198003545239326721,2012-05-03T10:58:18Z,Y,99,Bookmarked: http://www.bbc.co.uk/sport/football/european-championship/2012/groups-matches #euro2012
2012/05/tweet-198485429744435200,2012-05-04T18:53:08Z,Y,135,Neighbours are on holiday so it's play-songs-loud night at Frost Towers. @larrylou100 has selected Mel and Kim's Respectable. Shameful.
2012/05/tweet-198515404140851200,2012-05-04T20:52:15Z,Y,42,Listening to Beastie Boys. RIP Adam Yauch.
2012/05/tweet-199614077490823168,2012-05-07T21:37:59Z,Y,141,I love the classy bullseye Arsenal logo that's part of the new kit campaign http://twitpic.com/9ijm98 (hi-res version made by @arsenalreport)
2012/05/tweet-199778023854178304,2012-05-08T08:29:27Z,Y,56,2 hours and counting in this taxi. London + cars = pain.
2012/05/tweet-200209804210339844,2012-05-09T13:05:11Z,Y,173,"When is a blog not a blog? When it's a sodding blog post! Alas, @gyford is probably fighting a losing battle: http://www.gyford.com/phil/writing/2012/05/09/blog-blogpost.php"
2012/05/tweet-200210340984782848,2012-05-09T13:07:19Z,Y,158,An even better guide (with tables!) on the distinction between a blog and its posts: http://www.megpickard.com/archive/blog-vs-blogpost-a-note-on-terminology/
2012/05/tweet-200528346843594753,2012-05-10T10:10:58Z,Y,122,Useful maps and advice for dealing with the inevitable travel chaos during the Olympics http://www.getaheadofthegames.com/
2012/05/tweet-200620787533742080,2012-05-10T16:18:17Z,Y,109,Champagne in the @globalpersonals London office to celebrate the Smooch acquisition http://twitpic.com/9ji028
2012/05/tweet-201711684572819458,2012-05-13T16:33:07Z,Y,70,"Happy St Totteringham's Day, Spuds! Amazing day of football all round."
2012/05/tweet-201793801772212226,2012-05-13T21:59:26Z,Y,109,Lineker asking Hansen if he's ever seen anything like today. 26 May 1989 at Anfield he certainly did... #motd
2012/05/tweet-202391884088348673,2012-05-15T13:36:00Z,Y,109,.@github Pages has been a bit flaky recently. Our stats show two hours of downtime in total in the last week.
2012/05/tweet-202684701914308608,2012-05-16T08:59:33Z,Y,112,"Looking to buy a flashy, premium PC desktop (not for me, of course) but no idea where to start. Recommendations?"
2012/05/tweet-203962043697606657,2012-05-19T21:35:15Z,Y,91,"Right, Abramovich, time to take your money out of Chelsea. You've achieved what you wanted."
2012/05/tweet-203968980078182401,2012-05-19T22:02:49Z,Y,78,"Forest, Villa and now Chelsea have won this thing. Arsenal, time to join them."
2012/05/tweet-206405191862460417,2012-05-26T15:23:27Z,Y,102,Recruiting at Silicon Milkroundabout (@ The Old Truman Brewery w/ @rosswilliams) http://4sq.com/JVdbN3
2012/05/tweet-207824355693043712,2012-05-30T13:22:42Z,Y,89,“1985” by Human Don't Be Angry is my new jam.  ♫ http://t.thisismyjam.com/barryf/_1tzajfy
2012/05/tweet-207847947000496128,2012-05-30T14:56:26Z,Y,137,New post: RT @globalpersonals: Hiring at London's Silicon Milkroundabout fair http://globalpersonals.co.uk/blog/smr3/ /cc @milkroundabout
2012/06/tweet-209576355917086720,2012-06-04T09:24:31Z,Y,164,"Hopelessly addicted to New Star Soccer. Part football management sim, part arcade game and part RPG. http://itunes.apple.com/gb/app/new-star-soccer/id498973162?mt=8"
2012/06/tweet-209926635674284032,2012-06-05T08:36:24Z,Y,139,Nice touch: each @GitHubJobs tweet is geo-tagged with the job’s location. Metadata doesn’t count towards 140 char limit = more description.
2012/06/tweet-209946786478047232,2012-06-05T09:56:29Z,Y,112,The world's worst password requirements list http://kottke.org/12/06/the-worlds-worst-password-requirements-list
2012/06/tweet-210339152384901120,2012-06-06T11:55:36Z,Y,135,My conversion to the dark side of management is complete: a pre-launch demo to me of a fully-tested new feature broke at first attempt.
2012/06/tweet-210686730662191104,2012-06-07T10:56:45Z,Y,126,Superb business card (albeit only for the hopefully short lifespan of that bloody song) /via @iamcal http://twitpic.com/9tp9l1
2012/06/tweet-211074091476721664,2012-06-08T12:35:59Z,Y,92,Finally exchanged contracts on our new house! Moving to Virginia Water in Surrey next month.
2012/06/tweet-211172735886438400,2012-06-08T19:07:58Z,Y,95,"Dear Spain, give us Messi, Ronaldo and enough jamón for everyone and you can have your bailout."
2012/06/tweet-211502480146706432,2012-06-09T16:58:15Z,Y,166,Explaining to a dismayed @larrylou100 that Euro 2012 means constant football every day forever http://www.youtube.com/watch?v=VF_uOgyBK1c&feature=youtube_gdata_player
2012/06/tweet-212103025387520000,2012-06-11T08:44:36Z,Y,98,Heading to Queen’s Club to watch the theoretical tennis. Play looks unlikely given the rain today.
2012/06/tweet-212846199806500865,2012-06-13T09:57:43Z,Y,100,Beautiful web type - examples of the best Google web typefaces /via @sevenupcan http://bit.ly/NxDJEX
2012/06/tweet-212996848036757504,2012-06-13T19:56:20Z,Y,80,@jasonkneen @thesambarnes @andrewscrivener Bollocks. 4sq fail. Sorry about that!
2012/06/tweet-214636196163366912,2012-06-18T08:30:31Z,Y,187,Premier League fixtures for 2012/13 announced. September looks especially tricky for Arsenal http://www.premierleague.com/en-gb/news/news/barclays-premier-league-2012-13-fixtures-day.html
2012/06/tweet-215155600735223809,2012-06-19T18:54:27Z,Y,137,Dismayed to discover that the best broadband speed I can hope for in my new house will be a pathetic 4Mbps. May as well live on the moon.
2012/06/tweet-215475898177159169,2012-06-20T16:07:12Z,Y,169,The most intriguing part about this IFTTT announcement is their support for Belkin's (upcoming) WeMo devices. Want one http://blog.ifttt.com/post/25506427600/thenewifttt
2012/06/tweet-215543159487332352,2012-06-20T20:34:28Z,Y,37,Getting football withdrawal symptoms.
2012/06/tweet-217009289510928386,2012-06-24T21:40:21Z,Y,53,"Sod it. Right, Father Ted on More 4 has just started."
2012/06/tweet-217297934910357504,2012-06-25T16:47:19Z,Y,80,Art of the Title: gorgeous responsive design and typography http://bfr.st/Mvryr9
2012/07/tweet-221277725216882690,2012-07-06T16:21:35Z,Y,68,The @guardian interviews Dog from Text From Dog http://bfr.st/Nt5PhI
2012/07/tweet-223032284146708482,2012-07-11T12:33:34Z,Y,148,Gig booked: I'm seeing The Whitest Boy Alive at the Coronet in August http://www.songkick.com/concerts/12584653-whitest-boy-alive-at-coronet-theatre
2012/07/tweet-223039712313614336,2012-07-11T13:03:05Z,Y,119,Now using Scanner Pro for scanning pages from iPhone/iPad. Impressive B&amp;W scanner/fax-like results http://bfr.st/M2DTmI
2012/07/tweet-223406517045563392,2012-07-12T13:20:39Z,Y,140,"Off to @optimusalive festival in Lisbon for the weekend. Stone Roses, The Cure and Radiohead await! And some lovely sun http://bfr.st/MlGkxE"
2012/07/tweet-224239856933539840,2012-07-14T20:32:02Z,Y,85,There's not enough watery Heineken at this festival for me to enjoy Mumford and Sons.
2012/07/tweet-224501119576064000,2012-07-15T13:50:12Z,Y,134,Loved finally seeing The Stone Roses all together on Friday and then an epic 3-hour show from The Cure last night. Tonight: Radiohead.
2012/07/tweet-225286258111418369,2012-07-17T17:50:04Z,Y,106,"Today I have spent over £1600 on electrical goods, none of which have an Apple logo. Or even a USB port :("
2012/07/tweet-225287035475333122,2012-07-17T17:53:09Z,Y,110,I’ve also been packing boxes and calling utilities companies while home alone. Can’t wait to get back to work!
2012/07/tweet-226053474880733185,2012-07-19T20:38:42Z,Y,78,Postgres for Mac - @heroku sponsored Mac Postgres install http://bfr.st/Owkb2I
2012/07/tweet-226355573774499840,2012-07-20T16:39:08Z,Y,77,If @sparrow evolves into the Gmail (and Apps) Mac and iOS app then I’m happy.
2012/07/tweet-227507630246096896,2012-07-23T20:57:00Z,Y,134,"Completed on our house earlier today. Since then, cleaning and last-minute packing before the actual move tomorrow. Tired but excited."
2012/07/tweet-227508783415443456,2012-07-23T21:01:35Z,Y,70,Last tweet not quite excited enough… Woo woo! I’m a homeowner! Yay! :)
2012/07/tweet-228904875105337344,2012-07-27T17:29:09Z,Y,92,House move done. Now off for a weekend on the Isle of Wight to escape the endless unpacking.
2012/08/tweet-232924824786317312,2012-08-07T19:43:00Z,Y,110,I've finally got broadband up-and-running at home. Two weeks of dog-slow GPRS over mobile are mercifully over.
2012/08/tweet-232937824553410561,2012-08-07T20:34:39Z,Y,139,Watching Blur's Maida Vale gig on BBC Red Button in preparation for Sunday's Olympics Hyde Park closing show. Spine-tingling This is a Low.
2012/08/tweet-232939041430065152,2012-08-07T20:39:29Z,Y,71,Blank faces in the Maida Vale audience for Popscene. Plastic Blur fans.
2012/08/tweet-233904158586060800,2012-08-10T12:34:31Z,Y,126,Too busy to read this article about always being too busy… so I Instapaper'd it. I hear it's good though. http://bfr.st/MGOPD6
2012/08/tweet-234658604307845120,2012-08-12T14:32:25Z,Y,100,In Hyde Park ready for the Blur/New Order/Specials Olympics closing gig. Never seen so many picnics!
2012/08/tweet-236171755775995904,2012-08-16T18:45:09Z,Y,133,C4 is repeating Brass Eye starting tonight. If you’ve never seen it then watch and marvel. Just as relevant today as in the nineties.
2012/08/tweet-237628314607550464,2012-08-20T19:12:59Z,Y,92,Man Utd's new checked shirt must look propah nice with a Burberry cap on Yeovil High Street.
2012/08/tweet-238908390007517184,2012-08-24T07:59:33Z,Y,208,The week's two best memes in one. Superb. RT @thedailymash Harry photos ruined by old Spanish woman http://www.thedailymash.co.uk/news/arts-entertainment/harry-photos-ruined-by-old-spanish-woman-2012082439034
2012/08/tweet-239858532621627392,2012-08-26T22:55:05Z,Y,72,Great Foo Fighters setlist at Reading: plenty of first album favourites.
2012/08/tweet-240170263763902465,2012-08-27T19:33:47Z,Y,136,"Bug, Veep, Alan Partridge, Bad Sugar, Hunderby, A Touch Of Cloth… pretty much all the best new comedy is on Sky Atlantic/One these days."
2012/08/tweet-240409086645112833,2012-08-28T11:22:47Z,Y,136,"Just held a department meeting between 30+ staff in London, Windsor and Sydney over Skype and FaceTime on an iPad. Tricky but it worked."
2012/08/tweet-240826952355827712,2012-08-29T15:03:14Z,Y,125,"Discovered today that you can diff two documents in Word, either side-by-side or via annotations. Handy. http://bfr.st/NCfzFq"
2012/08/tweet-241198334495322112,2012-08-30T15:38:58Z,Y,137,Very impressive - responsive design and gorgeous web fonts RT @BenHobson: Everyone check the relaunched Vogue site - http://bfr.st/RuwI8W
2012/09/tweet-244544817823092738,2012-09-08T21:16:42Z,Y,107,Saving myself for the 10:45 The Thick Of It showing on BBC HD. Been looking forward to this all week. #ttoi
2012/09/tweet-245489010288513024,2012-09-11T11:48:35Z,Y,132,Sad how Guardian’s @guardiantech section has withered. I had to resort to the Telegraph for reporting on @ee 4G launch this morning.
2012/09/tweet-246288102899974146,2012-09-13T16:43:54Z,Y,106,Coding keyboard dusted off and a fresh VM set up and ready for the @globaldev Hack Day tomorrow #gdhackday
2012/09/tweet-246530700055027712,2012-09-14T08:47:53Z,Y,120,Remembering how sophisticated our platform is under the hood. Need to think this hack through more carefully… #gdhackday
2012/09/tweet-246538585925353473,2012-09-14T09:19:14Z,Y,87,First page of proof-of-concept working and committed to git. So far so good. #gdhackday
2012/09/tweet-246587795752226818,2012-09-14T12:34:46Z,Y,108,Succumbed: iPhone 5 upgrade ordered through @orangeuk who claim delivery on Monday. Not sure I believe that!
2012/09/tweet-247358021431341056,2012-09-16T15:35:22Z,Y,140,"This weekend I have dug/laid paving slabs, wired up a loft light and part-boarded the loft. With my dad, but it counts. Manual work is hard."
2012/09/tweet-248523991554338816,2012-09-19T20:48:31Z,Y,99,My iPhone carrier label just switched from Orange to EE. Looks like the name change is underway @EE
2012/09/tweet-248526028568424448,2012-09-19T20:56:37Z,Y,71,@alexstrang Was only temporary: back to the Orange T-Mobile hybrid now.
2012/09/tweet-248764437849337856,2012-09-20T12:43:58Z,Y,136,Simple solution if you don’t like Apple’s new Maps app in iOS6: go to http://bfr.st/UgQwPG and add Google Maps (web) to your homescreen.
2012/09/tweet-248887936463015937,2012-09-20T20:54:42Z,Y,131,Latest inexplicable Twitter fuckwittery: just received an email saying I’ll no longer be able to use @IFTTT to archive my tweets :(
2012/09/tweet-249060410337140738,2012-09-21T08:20:03Z,Y,62,"First iPhone 5 delivery in the office! In your faces, suckahs!"
2012/09/tweet-249464358835478528,2012-09-22T11:05:12Z,Y,130,There have been queues across the street outside Clinton’s Cards in Windsor for the last hour for the closing down sale. Baffling.
2012/09/tweet-249799354116882432,2012-09-23T09:16:21Z,Y,210,Lost email flags after upgrade to iOS6 with Gmail/GApps via Exchange? Add your domain in settings http://www.andrewbecker.me/technical/apple-technical/ios/2012/ios-6-flag-message-fix/ios-6-flag-message-fix.html
2012/09/tweet-250169085239894016,2012-09-24T09:45:32Z,Y,34,"Another day, another PPI spam text"
2012/09/tweet-251067188973277184,2012-09-26T21:14:17Z,Y,47,"So this is a Brass Eye repeat, yeah? #drugslive"
2012/09/tweet-251071823339483137,2012-09-26T21:32:42Z,Y,74,“It stimulates the part of the brain called Shatner’s Bassoon.” #drusglive
2012/09/tweet-251359501435944960,2012-09-27T16:35:49Z,Y,75,Having a play with Tent using tent.is’s implementation http://bfr.st/THn4Dt
2012/09/tweet-251979504141103104,2012-09-29T09:39:29Z,Y,134,Off to the Emirates for Arsenal v Chelsea courtesy of Singapore-based @cronkshaw (cheers mate). Expecting a few goals from both sides.
2012/09/tweet-252007999516844033,2012-09-29T11:32:43Z,Y,87,Teams being announced. The boos for Terry louder than for Cole. It’s going to be spicy.
2012/10/tweet-253214719601688576,2012-10-02T19:27:48Z,Y,59,Guilty Tuesday night pleasure: Great British Bake Off #gbbo
2012/10/tweet-253846332677189632,2012-10-04T13:17:36Z,Y,131,Now that there’s a @tapbots client for ADN I’ve stumped up the cash to join. Find me over there as barryf http://bfr.st/Uhh58u #adn
2012/10/tweet-253855363735109633,2012-10-04T13:53:29Z,Y,149,Testing a post from ADN using Netbot that should hopefully crosspost to Twitter and be picked up by @ifttt — https://alpha.app.net/barryf/post/688008
2012/10/tweet-254969251033649155,2012-10-07T15:39:41Z,Y,111,"Ordered one of the new Sky+HD 2TB boxes to replace my ailing Thomson one. Huge storage, HD EPG and iPad remote."
2012/10/tweet-255989047510573056,2012-10-10T11:11:59Z,Y,124,Refresh refresh refresh... Second failed attempt to buy tickets to BritRuby. Ruby conferences: more popular than Glastonbury
2012/10/tweet-258549995953868800,2012-10-17T12:48:17Z,Y,138,I've ordered a Belkin WeMo Switch so that I can remote control things over the internet. Thinking about my heating... http://bfr.st/PBO7hI
2012/10/tweet-258891201405657088,2012-10-18T11:24:07Z,Y,86,Practising and preparing for the @wld conference (@ Warren Weir) http://4sq.com/VdJL2D
2012/10/tweet-258981045163151361,2012-10-18T17:21:07Z,Y,122,Hotel welcome card: “No denims in public areas after 6pm” Luckily I have my black tie with me. Jack Donaghy would approve.
2012/10/tweet-261223302406762496,2012-10-24T21:51:03Z,Y,139,"Dire, abject performance from Arsenal against Schalke tonight. Apoplectic guy next to me almost had a heart attack when they scored second."
2012/10/tweet-261362778714042368,2012-10-25T07:05:16Z,Y,132,"Challenge me on #Letterpress, a new word game for iPhone and iPad. I'm barryfrost on Game Center http://www.atebits.com/letterpress/"
2012/10/tweet-262559458096459776,2012-10-28T14:20:27Z,Y,88,Perfect Sunday on the sofa by a wood burner playing Letterpress and reading @themagazine
2012/10/tweet-262590935672696832,2012-10-28T16:25:32Z,Y,137,"RvP, Valencia, Young, Carrick, Ferdinand, Rooney. United buy expensive talent from rivals and haven’t done badly. Just a thought, Arsène."
2012/10/tweet-263405663517032449,2012-10-30T22:22:58Z,Y,12,Rugby score!
2012/11/tweet-266588899307032576,2012-11-08T17:12:01Z,Y,135,Trying to stop nuisance texts from TalkTalk about an engineer visit I’ve not asked for. I’m not even a customer! Replying “STOP” fails.
2012/11/tweet-267349252055908352,2012-11-10T19:33:23Z,Y,67,Well-earned Chinese takeaway (@ Pitch &amp; Chip) http://4sq.com/STxahw
2012/11/tweet-269747824961417216,2012-11-17T10:24:27Z,Y,64,Off to the Emirates for the North London Derby. Hard to call it.
2012/11/tweet-270969043694002176,2012-11-20T19:17:09Z,Y,139,"This could be very useful in the @globaldev office RT @IFTTT @37signals group chat service, Campfire, is now on IFTTT! http://bfr.st/SOuLSh"
2012/11/tweet-271693259674370048,2012-11-22T19:14:55Z,Y,98,At #HNLondon with @globaldev (@ Central Foundation Boys' School w/ 3 others) http://4sq.com/UszpHU
2012/12/tweet-280736873788350464,2012-12-17T18:11:01Z,Y,140,"Off to London for @robinince’s Nine Carols for Godless People this evening. Humanist festive cheer with comedians, science people and music."
2012/12/tweet-283639371897401345,2012-12-25T18:24:30Z,Y,92,Merry Christmas from my nephew George. He's now officially a Gooner! http://flic.kr/p/dE9zPj
2012/12/tweet-284445549019688960,2012-12-27T23:47:58Z,Y,140,Football Manager 2013 is breaking me. Hours of meticulous pre-season still resulted in a 9-0 loss in opener. Not like the (easier) old days.
2013/01/tweet-287652089470021633,2013-01-05T20:09:37Z,Y,168,"Amazing, charming tour of the International Space Station by one of its astronauts. So jealous of her. http://kottke.org/13/01/a-tour-of-the-international-space-station"
2013/01/tweet-287683503993274368,2013-01-05T22:14:26Z,Y,138,".@cheddar, an iOS/Mac/web todo app is for sale. Interesting to poke around its code and see the back-end stack. https://cheddarapp.com/buy"
2013/01/tweet-289323286175809536,2013-01-10T10:50:21Z,Y,138,"Five years today as CTO of @globalpersonals and @wld http://bfr.st/WRwHeg -- great team, proud of what we've all done. More still to come."
2013/01/tweet-291625685888409600,2013-01-16T19:19:16Z,Y,91,The startup skill set - http://swombat.com on startups http://j.mp/11zL6Ts (via Instapaper)
2013/01/tweet-292620129622163457,2013-01-19T13:10:50Z,Y,110,Football pundits: decide if you think referees should show consistency or use discretion. You can’t have both.
2013/01/tweet-293380052085776387,2013-01-21T15:30:29Z,Y,129,The iMessage/Messages on Mac “-1” and incorrect date ordering bugs rankle. Unbecoming of a company that prides itself on details.
2013/01/tweet-295193727822073856,2013-01-26T15:37:23Z,Y,64,Giving @ocado a try for food shop. Decent iPad app made it easy.
2013/01/tweet-296597508145164289,2013-01-30T12:35:31Z,Y,137,@rubymanor I’m no longer able to come so have given my ticket to @krissygoround. Eventbrite updated. Do you need her to do anything else?
2013/02/tweet-297767747478241281,2013-02-02T18:05:37Z,Y,136,Achievement unlocked: rewired central heating electrics without blowing house up. Hot water and heating both working for the first time.
2013/02/tweet-299945191018737666,2013-02-08T18:18:00Z,Y,8,P. U. B.
2013/02/tweet-300934244937650176,2013-02-11T11:48:09Z,Y,101,I used to discover breaking news at work via Twitter. Now it’s via the @globaldev Campfire room #pope
2013/02/tweet-301030236190027776,2013-02-11T18:09:35Z,Y,65,Early to #lrug. No point hanging around: it’s freezing out there.
2013/02/tweet-301619445288300544,2013-02-13T09:10:54Z,Y,129,Abandoned my seat on the train because the perfume on the woman next to me was so strong I was starting to gag. Why use so much?!
2013/02/tweet-302384229705199616,2013-02-15T11:49:53Z,Y,68,Debugging SQL Server and Windows issues. Like it’s 1999. #flashbacks
2013/02/tweet-303564162880118784,2013-02-18T17:58:31Z,Y,106,"Up and down the Eiffel Tower, Champs-Élysées, Arc de Triomphe and the Pompidou Centre. Dinner well earned."
2013/02/tweet-306401636388073472,2013-02-26T13:53:37Z,Y,112,"Libel, threats and contempt of court: a guide to Twitter and the law http://www.bbc.co.uk/news/magazine-20782257"
2013/03/tweet-309343604218933248,2013-03-06T16:43:57Z,Y,140,.@airbrake’s downtime today has severely delayed a project release. I now receive an email from them on “How you can build better software”.
2013/03/tweet-310088374386061312,2013-03-08T18:03:24Z,Y,103,Home from work and hiding upstairs in my own house because the cleaner’s still here #firstworldproblems
2013/03/tweet-311528838637182976,2013-03-12T17:27:17Z,Y,135,Read @matsadler’s definitive and exhaustive rundown of all the changes in Ruby 2.0.0 on the @globaldev site http://bfr.st/ZFYlQb #ruby2
2013/03/tweet-311593875900858369,2013-03-12T21:45:43Z,Y,103,"""The Tiny Transforming Apartment That Packs Eight Rooms into 350 Square Feet"" http://vimeo.com/55389782"
2013/03/tweet-311962260589400064,2013-03-13T22:09:33Z,Y,23,"I miss you, Wellington."
2013/03/tweet-315177606716731392,2013-03-22T19:06:11Z,Y,131,"Thanks, Jeff :) MT @cronkshaw: Congrats to the @WLD team as they announce the launch of their 10,000th site - http://bfr.st/1008Af4"
2013/03/tweet-315892646675611649,2013-03-24T18:27:30Z,Y,138,"Enjoyed the Teenage Cancer Trust gig last night. Noel and Damon on stage together for the first time, playing Tender http://bfr.st/11zXmEn"
2013/03/tweet-317579901286899712,2013-03-29T10:12:03Z,Y,118,I haven’t watched Withnail &amp; I in at least year. Richard Griffiths’ death is reason enough to break that duck tonight.
2013/04/tweet-320613773801029633,2013-04-06T19:07:35Z,Y,123,Hotel bar has now played four Phil Collins songs in a row. Anger rising among guests. And now a fifth! There must be a law?
2013/04/tweet-320632181397540865,2013-04-06T20:20:43Z,Y,140,Musician plays Unchained Melody. Laura: it’s sad when he dies from bee stings. Wasn’t Swayze mugged in Ghost? She’s thinking of Stand By Me.
2013/04/tweet-322006602175623170,2013-04-10T15:22:11Z,Y,93,Today is a good day: Miss Laura Hobson agreed to marry me. Time to celebrate with my fiancée!
2013/04/tweet-322361042770477056,2013-04-11T14:50:36Z,Y,120,Thanks again for all your well-wishes over the last 24 hours. Much appreciated. Wedding planning now in full swing #gulp
2013/04/tweet-325315796291186688,2013-04-19T18:31:44Z,Y,68,I’m pretty sure the Kevin Eldon Show is easily the best thing on TV.
2013/05/tweet-331037609289728001,2013-05-05T13:28:11Z,Y,140,"As much as I like Ronnie, it’s only right I back 34 year old underdog Barry Hawkins in the World Championship final. Come on, Bazza #snooker"
2013/05/tweet-331415499852357632,2013-05-06T14:29:47Z,Y,140,After driving through holiday traffic to Gloucestershire and back to look at wedding venues I think I’ve earned a few frames of the snooker.
2013/05/tweet-331700849233502208,2013-05-07T09:23:39Z,Y,155,We're looking for a Ruby Engineer (contractor) to join us at @globaldev http://globalpersonals.theresumator.com/apply/3BSEPp/Ruby-Engineer.html?source=TWIT
2013/05/tweet-332049004194058240,2013-05-08T08:27:06Z,Y,72,Will there be no more Budgie The Little Helicopter books? #fergieretires
2013/05/tweet-332562115154034691,2013-05-09T18:26:01Z,Y,140,"Tree on line so train terminates early. Businessman on platform is apoplectic with rage at staff, presumably for their lack of magic powers."
2013/05/tweet-332916455341441024,2013-05-10T17:54:02Z,Y,111,Off to @scotrubyconf tomorrow with @StevieBuckley @timblair @matsadler and @benlovell from the @globaldev team.
2013/05/tweet-333218599072321537,2013-05-11T13:54:39Z,Y,108,"with Tim, Steve, Mat and Ben waiting for the #scotruby bus to Crieff (@ The Scotsman) http://4sq.com/120BdLn"
2013/05/tweet-333230973892313088,2013-05-11T14:43:49Z,Y,65,"I'm at The Jinglin' Geordie (Edinburgh, UK) http://4sq.com/ZWswDP"
2013/05/tweet-333492626789646336,2013-05-12T08:03:32Z,Y,135,Spare a thought for @larrylou100 and her team this morning doing the #moonwalk through London overnight. She’s on mile 24/26. Go Laura!
2013/05/tweet-334342993282736129,2013-05-14T16:22:36Z,Y,84,Crieff 🚕 Edinburgh 🚞 Kings Cross 🚇 Paddington 🚞 Slough 🚞 Windsor 🚗 Home in 9.5 hours
2013/05/tweet-336091565896392704,2013-05-19T12:10:48Z,Y,93,Wickets tumbling at Lord’s this morning. Should be out in time for the football at this rate!
2013/05/tweet-336112912861130752,2013-05-19T13:35:37Z,Y,85,"Kiwis destroyed, the sun’s shining at Lord’s and we’re a few beers down. Perfect day."
2013/05/tweet-336138862998986753,2013-05-19T15:18:44Z,Y,93,Watching the dénouement of the football season on the Nursery Ground at Lord’s with no sound.
2013/05/tweet-337111459853119488,2013-05-22T07:43:29Z,Y,120,"Good luck, Jeff RT @cronkshaw: After 15 yrs of working for corporate - today I officially work for myself @lanciaconsult"
2013/05/tweet-337112962336710656,2013-05-22T07:49:28Z,Y,132,"I may be wrong, but the attractive blonde girl wearing a jumper with GEEK emblazoned on the front is unlikely to actually be a geek."
2013/05/tweet-337114314605461505,2013-05-22T07:54:50Z,Y,136,You do that a little too well RT @StevieBuckley OMG u r soooooo wrong. #Geek is totes amazeballs nd u dnt have 2 b a n3rd 2 b a #geek k?
2013/05/tweet-339063639053041664,2013-05-27T17:00:45Z,Y,87,"@simondevon Bad luck, try to avoid @agit8or tomorrow! It just had to be Kevin Phillips."
2013/05/tweet-339088518674530304,2013-05-27T18:39:37Z,Y,73,Last sunshine of the bank holiday #pub http://instagram.com/p/Z01ZX3n_uL/
2013/05/tweet-339720583858237440,2013-05-29T12:31:13Z,Y,137,"Get 1Password, make yourself use it and stop re-using passwords MT @viticci: 50% off: iOS http://bfr.st/112jktv Mac http://bfr.st/112jnFI"
2013/05/tweet-340405014210158594,2013-05-31T09:50:54Z,Y,140,Post received today: a confused chap who had failed to email via our “contact us” link (emailing the actual URL) and so resorted to a letter
2013/06/tweet-341623904219054080,2013-06-03T18:34:20Z,Y,111,Not a bad view from the kitchen window this evening. Horses and their foals. http://instagram.com/p/aG2PmOn_sm/
2013/06/tweet-341928662641287169,2013-06-04T14:45:20Z,Y,121,@larrylou100 RT  @PennWoodPrimary: Our chicks are growing up and are getting ready to fly the nest. http://bfr.st/10W0uFE
2013/06/tweet-342231451502260224,2013-06-05T10:48:31Z,Y,99,@kellyedworthy Re: August birthdays - thought you might find this interesting http://bfr.st/16JuWuv
2013/06/tweet-344215253711716352,2013-06-10T22:11:26Z,Y,121,iOS badly needed this design fork. It’s certainly challenging but I’m sure it’ll all make sense when you actually use it.
2013/06/tweet-344736327490736128,2013-06-12T08:42:00Z,Y,139,"Upgraded to iOS7 last night: solid, no crashes so far and I quite like the new design approach. Other apps look sorely out of place though."
2013/06/tweet-345967612905283584,2013-06-15T18:14:41Z,Y,115,Spent an enjoyable afternoon hacking through ObjC and iOS examples. Lots of books out there -- any recommendations?
2013/06/tweet-347015622724550658,2013-06-18T15:39:06Z,Y,65,@cronkshaw How’s your Pebble? What you expected when you ordered?
2013/06/tweet-347352495888158720,2013-06-19T13:57:43Z,Y,140,"It was fun for a week, but I’ve downgraded iOS 7 back to 6.1.4. ‘Classic’ apps’ UIs are just too jarring in daily use. Busy summer for devs."
2013/06/tweet-347398084503957504,2013-06-19T16:58:52Z,Y,136,Excited to reveal that we’re part of tonight’s The Apprentice: the teams were in our office designing online dating sites #theapprentice
2013/06/tweet-347459398739841024,2013-06-19T21:02:30Z,Y,135,.@globalpersonals’ @agit8or was the star of tonight’s #theapprentice. Lucy telling Luisa and Jason they only had 1.5hr was also superb.
2013/06/tweet-347461464119988224,2013-06-19T21:10:43Z,Y,138,"Jason, if you hadn’t dithered with your logo colours we’d have had more @globalpersonals office screen time. For that reason #gpyourefired"
2013/06/tweet-347726843106951170,2013-06-20T14:45:14Z,Y,125,"If I click your “unsubscribe” link on your newsletter, please don’t send me *another* email to tell me you’ve unsubscribed me"
2013/06/tweet-348159047322722304,2013-06-21T19:22:40Z,Y,120,"I'm at @BushHallMusic for Martin Rossiter and Jennifer Left (Shepherd's Bush, London) w/ 2 others http://4sq.com/183U5jt"
2013/06/tweet-349562680035655681,2013-06-25T16:20:12Z,Y,132,"I know it’s pointless to rant on social networks about hapless service providers, but BT really are staffed by witless incompetents."
2013/06/tweet-350189713895862272,2013-06-27T09:51:48Z,Y,58,Stinking cold but was in the office before 7am today #hero
2013/06/tweet-350190571115118594,2013-06-27T09:55:13Z,Y,110,Also quite proud of a cracking idea I had this morning. Not sure if I’m now being controlled by Lemsip though.
2013/06/tweet-350732610370142210,2013-06-28T21:49:05Z,Y,85,Perfect ending to the film 50/50: Pearl Jam’s Yellow Ledbetter. JGL superb as always.
2013/06/tweet-351033096700833792,2013-06-29T17:43:06Z,Y,140,Ahead of the Google Reader #rssapocalypse I’ve paid for @FeedWrangler and ReadKit Mac and await @reederapp 3.2. Starred items are in Pocket.
2013/07/tweet-354365086061707264,2013-07-08T22:23:15Z,Y,126,Seriously addicted to Badland on iOS. Free in the App Store right now https://itunes.apple.com/gb/app/badland/id535176909?mt=8
2013/07/tweet-356035893448028160,2013-07-13T13:02:26Z,Y,52,Retreating inside with a big fan to watch the #ashes
2013/07/tweet-356876204747407361,2013-07-15T20:41:32Z,Y,71,"""How to sell things to developers"" THIS http://tommorris.org/posts/8346"
2013/07/tweet-357241323474001921,2013-07-16T20:52:23Z,Y,156,"Inspired by this news story, I’ve been re-enjoying Monty Python’s Penis Song http://youtu.be/nGRPFUYUUdQ RT @prodnose: http://www.bbc.co.uk/news/uk-23329442"
2013/07/tweet-357892272236396545,2013-07-18T15:59:01Z,Y,84,Irishmen watch black stuff drip into jar http://bit.ly/11ZTaPc #jokeintheresomewhere
2013/07/tweet-360004273003696128,2013-07-24T11:51:21Z,Y,61,"I'm at Cubana (London, Greater London) http://4sq.com/142XFCN"
2013/07/tweet-360018776416206849,2013-07-24T12:48:59Z,Y,133,Accidentally started reading a few football transfer stories and the subsequent rabid bile from loony extremist fans. Backing away...
2013/07/tweet-360021002366885889,2013-07-24T12:57:50Z,Y,136,"Suggested name for #royalbaby: Dai… because he’ll be Prince of Wales one day and, y’know, his grandmother was Princess Di. Awesome idea."
2013/07/tweet-361080870171467776,2013-07-27T11:09:22Z,Y,95,Watching Sussex v Australia (@ Sussex County Cricket Ground w/ 6 others) http://4sq.com/176Tsjw
2013/08/tweet-366685857308086272,2013-08-11T22:21:35Z,Y,84,"Many years ago, even before Tumblr, we ran a tumblelog: vomit http://flic.kr/p/sJBHC"
2013/08/tweet-367608438995828736,2013-08-14T11:27:36Z,Y,97,Recruiter email intro of the day: “I apologise for spamming you” (but I’m going to do it anyway).
2013/08/tweet-368046071404302336,2013-08-15T16:26:36Z,Y,78,GitHub Enterprise (self-hosted) looks very attractive right now. #githubisdown
2013/08/tweet-368724338641354752,2013-08-17T13:21:47Z,Y,139,First match of the season. Looking forward to seeing all the new signings we've not made. Ah well. Come on you reds! http://4sq.com/14UQktP
2013/08/tweet-368748586760040448,2013-08-17T14:58:08Z,Y,139,Mr Angry in the seat next to me is decidedly unimpressed with the referee. I think he’s missed his football over the last 3 months. 1-1 HT.
2013/08/tweet-369433578880253955,2013-08-19T12:20:03Z,Y,140,Trying and failing to choose a wedding band. Every demo is Kings of Leon or the Killers and sounds like a trying-too-hard X-Factor audition.
2013/08/tweet-369524674608123904,2013-08-19T18:22:02Z,Y,94,"Enjoying a nice pint of Aylesbury Whittle, courtesy of Mr @timblair http://bfr.st/18FVFFk #ale"
2013/08/tweet-369765319038218240,2013-08-20T10:18:16Z,Y,107,In a florists for a wedding consultation. No idea what’s going on. I hear that peonies were late this year.
2013/08/tweet-370506865270353920,2013-08-22T11:24:55Z,Y,91,"I'm at @ScienceMuseum (South Kensington, Greater London) w/ 3 others http://4sq.com/16z8Ojn"
2013/08/tweet-372350479717924864,2013-08-27T13:30:46Z,Y,75,Email market share (as tracked by @litmusapp in July) http://bfr.st/1fgnjdE
2013/08/tweet-372757763895873536,2013-08-28T16:29:11Z,Y,144,"10 years of @globalpersonals today. We’ve been celebrating with bacon, cake, champagne and… squirrel monkeys: http://instagram.com/p/dj3QxxLln9/"
2013/09/tweet-374646247397031936,2013-09-02T21:33:20Z,Y,63,"Özil — never in doubt. Time for a sneaky bonus signing, Arsène?"
2013/09/tweet-375378345930018816,2013-09-04T22:02:26Z,Y,158,The rise of cards as a design pattern: http://insideintercom.io/why-cards-are-the-future-of-the-web/ and http://ben-evans.com/benedictevans/2013/6/18/canvases
2013/09/tweet-377037882923696129,2013-09-09T11:56:50Z,Y,198,“Introducing Adobe Generator for Photoshop CC” - exports named scaled/retina layers in the background http://blogs.adobe.com/photoshopdotcom/2013/09/introducing-adobe-generator-for-photoshop-cc.html
2013/09/tweet-379918579472547840,2013-09-17T10:43:42Z,Y,137,I'm looking for an iOS app that uploads a photos to an Amazon S3 bucket and exposes its URL for cut-and-pasting. Does such a thing exist?
2013/09/tweet-380771180002947073,2013-09-19T19:11:38Z,Y,56,Gmail productivity hack: hide the inbox http://bfr.st/20
2013/09/tweet-380964856717139968,2013-09-20T08:01:14Z,Y,54,"iPhone 5S ordered. Slate grey, 32Gb. ETA 8-11 October."
2013/09/tweet-381035251667320832,2013-09-20T12:40:57Z,Y,130,Our team at @globaldev are producing some superb in-depth articles right now including Ruby Tips and ECMAScript 6 http://bfr.st/25
2013/09/tweet-381053564703223808,2013-09-20T13:53:44Z,Y,88,At Weybridge Registry Office to give our notices in preparation for next year's wedding.
2013/09/tweet-381839859620794369,2013-09-22T17:58:11Z,Y,138,"Handy new iOS7 feature: Safari supports Bluetooth keyboard shortcuts like select all (⌘A), new tab (⌘T), close tab (⌘W) and location (⌘L)."
2013/09/tweet-382538868161253376,2013-09-24T16:15:48Z,Y,66,Smart quotes for smart people http://smartquotesforsmartpeople.com
2013/09/tweet-382872842146443264,2013-09-25T14:22:53Z,Y,125,I'm going to Web Summit 2013 http://www.websummit.net in Dublin next month. Impressive line-up of speakers over the two days.
2013/09/tweet-382893056816840705,2013-09-25T15:43:13Z,Y,139,Started using @flintapp on iOS to access @globaldev Campfire. Smart iOS7 design and push notifications for keyword mentions. /ht @benlovell
2013/09/tweet-384682885347033088,2013-09-30T14:15:21Z,Y,137,Employing @tweetbot's keyword-muting feature to hide Br*aking B*d spoilers until I can watch it this evening. A few close shaves earlier.
2013/10/tweet-385104890382782465,2013-10-01T18:12:15Z,Y,137,"First use I've found for iOS7's caller blocking: preventing nuisance upgrade calls from my mobile carrier's ""partner"" from 0845 286 0303."
2013/10/tweet-385119700629594113,2013-10-01T19:11:06Z,Y,117,"Superb. A goal and an assist for Özil, both from down our right. Theo might not go straight back into this team. #afc"
2013/10/tweet-386523470047481856,2013-10-05T16:09:11Z,Y,49,Fun afternoon looking at and driving a few Audis.
2013/10/tweet-387302984386113536,2013-10-07T19:46:41Z,Y,130,Visual Voicemail has finally arrived on Orange/EE in the UK. I'd missed it from when I had an O2 contract. http://www.ee.co.uk/vvm
2013/10/tweet-387663216081661953,2013-10-08T19:38:07Z,Y,108,@SuperfastSurrey The postcode checker on your new website crashes my two iOS devices (iPad 3 and iPhone 5s).
2013/10/tweet-388314024292929536,2013-10-10T14:44:12Z,Y,86,FaceTime Audio should override voice calls like iMessage does for SMS http://bfr.st/44
2013/10/tweet-388656434474672128,2013-10-11T13:24:49Z,Y,128,I've installed @BarnabyWalters' Weave extension for Twitter to expand truncated POSSE copies of #IndieWeb posts http://bfr.st/45
2013/10/tweet-388667233435926528,2013-10-11T14:07:44Z,Y,134,"@BarnabyWalters Thanks! It's been a fun side project over the summer, but work commitments have stopped me getting... http://bfr.st/50"
2013/10/tweet-390827254516699136,2013-10-17T13:10:53Z,Y,204,"""Vice Versa Client Management"" - @thesambarnes' superb presentation on being on both sides of projects https://speakerdeck.com/thesambarnes/vice-versa-client-management-digital-pm-summit-philadelphia-2013"
2013/10/tweet-390828063241797632,2013-10-17T13:14:06Z,Y,70,Practising my slides for the @WLD Partner Conference tomorrow #wld2013
2013/10/tweet-390897400245944320,2013-10-17T17:49:37Z,Y,96,"The Grand Budapest Hotel: Wes Anderson's new film. Looks fantastic!

http://youtu.be/1Fg5iWmQjwk"
2013/10/tweet-391116763574071297,2013-10-18T08:21:17Z,Y,81,I'm at http://WhiteLabelDating.com Partner Conference 2013 http://4sq.com/1i1aLIy
2013/10/tweet-392690288504098816,2013-10-22T16:33:55Z,Y,70,"@samsworldofno Congratulations, Sam. Great news for you and your team."
2013/10/tweet-392986910253400065,2013-10-23T12:12:35Z,Y,109,Enjoying Ars Technica's OS X 10.9 definitive review over lunch http://arstechnica.com/apple/2013/10/os-x-10-9
2013/10/tweet-393041597644144640,2013-10-23T15:49:53Z,Y,73,.@caseorganic talks about the #indieweb at #realtimeconf http://bfr.st/60
2013/10/tweet-394580726965755904,2013-10-27T21:45:50Z,Y,86,Went to Pooh Corner today. Poohsticks were dropped. http://instagram.com/p/f_IJhgH_iK/
2013/10/tweet-395230397002694657,2013-10-29T16:47:24Z,Y,112,Flying to Dublin tomorrow morning for two days at #WebSummit 2013. See you there if you're one of the 10k going.
2013/10/tweet-395531527968550912,2013-10-30T12:43:59Z,Y,94,Good to hear @garyvee stress the importance of understanding your LTV and retention #websummit
2013/10/tweet-395695568980553728,2013-10-30T23:35:49Z,Y,137,Temple Bar pubs and Spotify party done. Lovely to bump into @FrancescaHeath. Woke up 20 hours ago back home so definitely time for sleep.
2013/10/tweet-395956007085809664,2013-10-31T16:50:43Z,Y,116,@destraynor Many thanks for your superb presentation earlier. Next time I present data I’ll be mindful of your tips.
2013/10/tweet-396050965130137601,2013-10-31T23:08:03Z,Y,67,Back home after a two-day flying visit to the #websummit in Dublin.
2013/11/tweet-398006785195663360,2013-11-06T08:39:46Z,Y,131,"The cat’s really not enjoying the fireworks this week. Too scared to go out, last night she made her own dirty protest in the sink."
2013/11/tweet-398082225553829888,2013-11-06T13:39:33Z,Y,125,"""Can UK economy stay top of the league?"" @peston compares table-topping Arsenal to the resurgent UK economy. http://bfr.st/63"
2013/11/tweet-398117480490872832,2013-11-06T15:59:38Z,Y,127,Slick and potentially quite handy: Knock lets you unlock your Mac by knocking twice on your iPhone http://www.knocktounlock.com
2013/11/tweet-398791497924898816,2013-11-08T12:37:56Z,Y,119,I'm 0% NORTHERN according to the North-o-Meter! That's somewhere around Jersey. http://toys.usvsth3m.com/north-o-meter/
2013/11/tweet-399219220120363008,2013-11-09T16:57:33Z,Y,131,BT spends £900m on Champions' League rights. As a customer who still rarely gets more than 2Mbit/s from their broa http://bfr.st/64
2013/11/tweet-399245918127783936,2013-11-09T18:43:39Z,Y,112,New article: Monitoring my broadband connection http://barryfrost.com/2013/11/monitoring-my-broadband-connection
2013/11/tweet-401347391447900160,2013-11-15T13:54:09Z,Y,125,"Mobile is eating the world (Autumn 2013 edition). @BenedictEvans' superb, stats-rich mobile industry review. http://bfr.st/66"
2013/11/tweet-403271744200646656,2013-11-20T21:20:50Z,Y,134,Have you experienced a major disaster? Help my good friend @losowsky create a toolkit for crisis communications: http://bit.ly/1ibEEG6
2013/11/tweet-404351225371832321,2013-11-23T20:50:19Z,Y,113,Compelling day at the rugby (league) semi-finals. England so close to beating NZ. Australia irritatingly rampant.
2013/12/tweet-413984142460989440,2013-12-20T10:48:05Z,Y,105,Getting in the festive spirit by marking all my unwanted recruitment Christmas e-cards as spam. Ho ho ho!
2013/12/tweet-415101806176641026,2013-12-23T12:49:17Z,Y,75,Enjoying some Christmas downtime by getting SMS posting working on my site.
2013/12/tweet-415143564767928320,2013-12-23T15:35:13Z,Y,128,"It's dark, cold and windy outside so time to shut the curtains and enjoy @somafm's Xmas Rocks radio http://somafm.com/xmasrocks/"
2014/01/tweet-419239970147422208,2014-01-03T22:52:52Z,Y,120,If it’s wrong to enjoy barging dithering tourists out of the way on the Underground then I don’t want to be right. Move!
2014/01/tweet-425676321168302080,2014-01-21T17:08:38Z,Y,101,Ghost stations of the London Underground on the classic Tube map http://usvsth3m.com/post/52135944891
2014/01/tweet-425988717615255552,2014-01-22T13:49:59Z,Y,133,"""How a Math Genius Hacked OkCupid to Find True Love"" http://www.wired.com/wiredscience/2014/01/how-to-hack-okcupid/  http://bfr.st/82"
2014/02/tweet-432284502560604160,2014-02-08T22:47:11Z,Y,117,"Superb afternoon at a rainy Rec today in a dry corp box watching @bathrugby courtesy of @nstanley. Thanks, Neil &amp; co."
2014/02/tweet-433519629370396672,2014-02-12T08:35:08Z,Y,116,@ioptics @timblair RT Results of an A/B test on the mobile “hamburger” nav icon http://exisweb.net/mobile-menu-icons
2014/02/tweet-434711804686503937,2014-02-15T15:32:25Z,Y,55,GTC - Grand Theft Cornwall: http://youtu.be/LhL_oYjP11s
2014/02/tweet-434754787373240320,2014-02-15T18:23:13Z,Y,105,Off to Stewart Lee’s marathon comedy evening at Southbank. All 6 shows for his new series over 3.5 hours.
2014/02/tweet-434839483700482049,2014-02-15T23:59:46Z,Y,37,That Ratko Mladić has let himself go.
2014/02/tweet-436167231727489024,2014-02-19T15:55:46Z,Y,89,Stewart Lee's Comedy Vehicle series 3 begins on BBC2 on 1st March #SLCV3 http://bfr.st/87
2014/02/tweet-436459786113413120,2014-02-20T11:18:16Z,Y,139,Computer Futures recruiters: you’re all still sending me unwanted emails I can’t unsubscribe from; I’m still marking each as spam. Give up.
2014/02/tweet-436942710231302144,2014-02-21T19:17:14Z,Y,118,Other half is at her parents’ so perfect opportunity for Fist of Fun series 2 DVD commentary. And wine. I AM ROD HULL!
2014/02/tweet-438964713368866816,2014-02-27T09:11:57Z,Y,139,“Sir… We formally received an application that… KHK Global Limited were applying to register ‘barryfrost’ as their Brand Name” Seems legit.
2014/03/tweet-443502076304560129,2014-03-11T21:41:49Z,Y,81,@mvaxelaire Good chatting to you this evening. Hopefully see you at the next one.
2014/03/tweet-443506044778848256,2014-03-11T21:57:35Z,Y,131,@MattWheelr Good to bump into you this evening. Best wishes for @driftrock and let me know if we might be a good fit to try it out.
2014/03/tweet-444215665193656320,2014-03-13T20:57:22Z,Y,88,"@nstanley Happy birthday, Neil. Enjoy tonight - surely you’ve earned a day off tomorrow?"
2014/03/tweet-444513134595018752,2014-03-14T16:39:24Z,Y,106,tickbot: my little script that integrates @tickspot time-tracking reminders into @slackhq http://bfr.st/89
2014/03/tweet-447327512637743104,2014-03-22T11:02:44Z,Y,80,Wedding wine testing today and thankfully being driven. Perk of getting married.
2014/03/tweet-449875968015233024,2014-03-29T11:49:23Z,Y,139,Off to a Monopoly board pub crawl but are heading home early to host some friends for dinner and more drinks. What could possibly go wrong?
2014/04/tweet-450976764899393536,2014-04-01T12:43:34Z,Y,137,"Yes! BT has accepted my order for its FTTC broadband, now available in Virginia Water. I'll soon be improving on my 2Mbit/s to ~40Mbit/s."
2014/04/tweet-455622652934496256,2014-04-14T08:24:40Z,Y,102,@YammerSupport Is there a way to mark all my unread messages as read? I’ve got 99+ and most are stale.
2014/04/tweet-455681815614066689,2014-04-14T12:19:45Z,Y,139,I’ve somehow been subscribed to a civil engineering recruitment postal list from Hays. We hire Rails engineers but not actual railway ones!
2014/05/tweet-462239656084774912,2014-05-02T14:38:16Z,Y,157,“The iPad is … a temporary sidestep on the way to a future in which everyone’s computer is simply their mobile phone” http://dcurt.is/the-death-of-the-tablet
2014/05/tweet-462246233030283264,2014-05-02T15:04:24Z,Y,168,Congratulations and a happy 10th birthday to @mr_mcd @DavidHart @LukeInTH and all at @codegent in London/Thailand http://www.codegent.com/blog/2014/4/10-years-old-today
2014/05/tweet-465902050010992642,2014-05-12T17:11:19Z,Y,86,Trying out Twitter Analytics by tweeting a link to a post on my site. http://bfr.st/99
2014/05/tweet-471568153429147649,2014-05-28T08:26:23Z,Y,65,At #UXLondon for three days of learning. Looking forward to this.
2014/05/tweet-471723301107421184,2014-05-28T18:42:53Z,Y,140,Epic first day at #UXLondon: inspiring talks from UX heavyweights @lukew @MartinBelam and @iA followed by superb IA workshop by @Abby_the_IA
2014/05/tweet-472269592631726080,2014-05-30T06:53:39Z,Y,131,Day 2 #UXLondon highlights were @rorysutherland on psychophysics and a talk/workshop from @MailChimp’s @aarron on emotional design.
2014/06/tweet-474182456288239617,2014-06-04T13:34:42Z,Y,119,My write-up of this year's #UXLondon conference http://globaldev.co.uk/2014/06/ux-london-products-people-and-platforms/
2014/06/tweet-476335594369728513,2014-06-10T12:10:30Z,Y,137,Most exciting possible app feature that iOS 8 enables is TouchID with a @1Password custom keyboard = fingerprint logins /via @_DavidSmith
2014/06/tweet-476364468939923456,2014-06-10T14:05:14Z,Y,238,Nice: 1P thinking similarly (but wait and see) RT @1Password: @barryf We're excited to see what the future holds. :) http://discussions.agilebits.com/discussion/15663/will-1password-work-with-the-iphone-5s-fingerprint-scanner-and-touch-id
2014/06/tweet-477550678693654530,2014-06-13T20:38:48Z,Y,64,"Robben’s hard to love, but what a goal that was. Holland superb."
2014/06/tweet-477939693674582018,2014-06-14T22:24:37Z,Y,104,Phil Neville’s monotone has achieved the impossible: making me wish I could watch ITV and Andy Townsend.
2014/06/tweet-479958628234166272,2014-06-20T12:07:08Z,Y,170,Smart: Twitter are converting animated GIFs embedded in tweets into MP4s to reduce filesize http://blog.embed.ly/post/89265229166/what-twitter-isnt-telling-you-about-gifs
2014/06/tweet-480000652207456256,2014-06-20T14:54:08Z,Y,169,"Buttons: Stop asking me to sign up. Get, start and try are better verbs. Give, don’t take. Tie action to the product http://www.gkogan.co/blog/stop-asking-me-to-sign-up/"
2014/06/tweet-481015695359352832,2014-06-23T10:07:33Z,Y,183,I’m looking for a Product Manager to join us at @globaldev and lead projects as Product Owner using Scrum http://jobs.mindtheproduct.com/jobs/product-manager-job-global-personals-686/
2014/06/tweet-482896029134897152,2014-06-28T14:39:19Z,Y,150,Wedding suit fitting with Andy (@ Gresham Blake) https://www.swarmapp.com/barryf/checkin/53aed38911d2d701c4ab2d84?s=Hdz0gQiaNSPRdveGW8fKc1ywn7A&ref=tw
2014/06/tweet-482954695317917697,2014-06-28T18:32:26Z,Y,38,Brighton on a sunny day: hard to beat.
2014/06/tweet-483586071356534784,2014-06-30T12:21:18Z,Y,199,.@osper is a superb idea: a mobile-first UK banking service and debit card for kids with full parental controls http://thenextweb.com/apps/2014/06/30/osper-mobile-first-bank-kids-comes-reins-parents/
2014/07/tweet-489809936587956224,2014-07-17T16:32:43Z,Y,97,"Box of #juliany cigars, ready for Andy's wedding this weekend. http://instagram.com/p/qjxorlH_vs/"
2014/07/tweet-494083297350529025,2014-07-29T11:33:32Z,Y,137,"I love web apps and SaaS, except when my card is about to expire and I have 22 (so far) separate billing settings to update. Kill me now."
2014/08/tweet-503967989973397505,2014-08-25T18:11:46Z,Y,137,"It's been a bit quiet from me online this month: I've been busy getting married and honeymooning. Exhilarated, exhausted, but very happy."
2014/08/tweet-504281615066234880,2014-08-26T14:58:00Z,Y,132,Product Hunt's Tinder for X: a list of the many many apps that ape Tinder's swipe approach http://www.producthunt.com/e/tinder-for-x
2014/08/tweet-504368296020705281,2014-08-26T20:42:27Z,Y,55,So do Man Utd now go into the Johnstone’s Paint Trophy?
2014/09/tweet-507121471635087360,2014-09-03T11:02:35Z,Y,82,Who needs an email or EchoSign when you’ve got the 👍 emoji in @SlackHQ ? #thumbsup
2014/09/tweet-507871397650382848,2014-09-05T12:42:31Z,Y,140,"Is there a name for when you tweet an image of some text, sometimes a short blog post, that wouldn't fit in a tweet, rather than link to it?"
2014/09/tweet-509295373706596353,2014-09-09T11:00:54Z,Y,160,Sad to see @bergcloud (the guys behind Little Printer and other interesting internet hardware projects) shut down http://blog.bergcloud.com/2014/09/09/week-483/
2014/09/tweet-509402997127147520,2014-09-09T18:08:33Z,Y,78,Glued to the Apple event. Looks like a lovely new sans-serif font for  Watch.
2014/09/tweet-510050053021786112,2014-09-11T12:59:43Z,Y,137,Just tried out a paper iPhone 6 Plus in my front pocket to see if it fits. Sadly far too big: it peeks out the top. http://ars.to/1lTKZy9
2014/09/tweet-513074243853352960,2014-09-19T21:16:46Z,Y,139,"Fuzzy upscaled apps on the new iPhone 6/6+ are the new letterboxed 3.5"" apps on a 4"" screen. Usable but irritating. Can't wait for updates."
2014/09/tweet-514080563850801152,2014-09-22T15:55:32Z,Y,151,Verifying myself: I am barryf on Keybase.io. 9vTFSG-zMLRl3nvGkOalbgWfLHUfan7sA2_i / https://keybase.io/barryf/sigs/9vTFSG-zMLRl3nvGkOalbgWfLHUfan7sA2_i
2014/09/tweet-515424382517538818,2014-09-26T08:55:23Z,Y,140,How not to do bizdev: email my personal address with the subject “touching base” and “Wondering if your planing to re evaluate X this year?”
2014/10/tweet-517675111970013184,2014-10-02T13:58:59Z,Y,82,"Just realised I had Word, Excel and PowerPoint all open on my Mac. Feel dirty now."
2014/10/tweet-520535500030214144,2014-10-10T11:25:08Z,Y,128,"@MindTheProduct I thought you’d like to know, we just hired our new Product Manager via our advert on the MTP job board. Thanks!"
2014/10/tweet-520558625858002944,2014-10-10T12:57:02Z,Y,158,"“A leather-clad robotic core” - like @jsnell’s, my iPhone 6 is smartly ensconced in a midnight blue leather case http://tracking.feedpress.it/link/8755/254154"
2014/10/tweet-522329434343616512,2014-10-15T10:13:36Z,Y,130,Collaborating on a presentation by sending PowerPoint slides back-and-forth. I thought we’d solved this problem in 2006 @timblair.
2014/10/tweet-523109784070127616,2014-10-17T13:54:26Z,Y,135,"My #WLD2014 presentation is done. Now listening to speakers from Google, Twitter and Facebook who have come to present to our partners."
2014/10/tweet-523112605452623872,2014-10-17T14:05:38Z,Y,136,Take a look at the @WLD timeline where @hannah__alice is doing a superb job livetweeting photos and insights from each #WLD2014 session.
2014/10/tweet-527042119165558784,2014-10-28T10:20:07Z,Y,118,My ears are still ringing from the superb and very loud @mogwaiband in Brighton on Sunday. Need to get an ear trumpet.
2014/11/tweet-531580295158726656,2014-11-09T22:53:13Z,Y,80,Birthday surprise tonight at very funny @alandavies1 gig thanks to @larrylou100.
2014/11/tweet-531751254507388928,2014-11-10T10:12:33Z,Y,92,"Several days later, I’ve still got the Too Many Cooks theme tune lodged in my brain #earworm"
2014/11/tweet-533333100303224832,2014-11-14T18:58:14Z,Y,134,Enjoyable course completed and I'm now a Certified Scrum Product Owner https://www.scrumalliance.org/community/profile/bfrost4 (CSPO).
2014/11/tweet-534752713977114625,2014-11-18T16:59:16Z,Y,82,Just the 20 emails to finally set up invoicing with a new Microsoft Azure account.
2014/11/tweet-538260556969672704,2014-11-28T09:18:11Z,Y,145,"#wldmedia2014 @wld conference about to begin (@ Ham Yard Hotel - @firmdale_hotels in Soho, Greater London) https://www.swarmapp.com/c/e2M4yYX6Q8L"
2014/11/tweet-538398174529204224,2014-11-28T18:25:02Z,Y,136,Watching this Jekyll pull request incremental regeneration of Jekyll sites with huge interest https://github.com/jekyll/jekyll/pull/3116
2014/11/tweet-539159311977828352,2014-11-30T20:49:31Z,Y,129,Refurbished my old iMac with a SSD and gave it to my wife: her very first Mac. Enjoying all her newbie discoveries I’d forgotten.
2014/12/tweet-545294004850794498,2014-12-17T19:06:36Z,Y,125,"I'm at Bloomsbury Theatre for Robin Ince, Josie Long and Vessels in Bloomsbury, London https://www.swarmapp.com/c/jpqWTSvQll2"
2014/12/tweet-546304669744910337,2014-12-20T14:02:37Z,Y,99,Ahead in the Ascot box sweepstake and just won in bet on last race. Surely only downhill from here!
2015/01/stand-up-comedian-stringing-along-an,2015-01-14T18:42:24Z,Y,102,Stand-up comedian stringing along an online dating scammer https://www.youtube.com/watch?v=SyA5gzqA3nU
2015/01/look-out-for-barry-coming-soon,2015-01-26T19:11:18Z,Y,155,"""Look out for Barry... coming soon!"" Can anyone explain this poster I've discovered on my computer?

https://barryf.s3.amazonaws.com/barry_coming_soon.jpg"
2015/01/outlook-for-ios-android-http-youtu,2015-01-29T15:29:28Z,Y,140,"Outlook for iOS/Android: http://youtu.be/9cBfywn_CnU 

Very nice. Whisper it, but it may be time to look again at Office 365 vs Google Apps."
2015/02/steering-well-clear-of-match-of,2015-02-07T15:21:14Z,Y,94,Steering well clear of Match of the Day tonight. The rugby was good last night wasn't it? Yep.
2015/02/a-conference-call-in-real-life,2015-02-08T22:08:14Z,Y,60,A Conference Call in Real Life http://youtu.be/DYu_bGbZiiQ
2015/02/enjoying-this-much-linked-nathan-barley,2015-02-11T13:06:07Z,Y,215,Enjoying this (much-linked) Nathan Barley 10-year retrospective which times nicely with my visit to Hoxton tonight http://www.theguardian.com/tv-and-radio/2015/feb/10/nathan-barley-charlie-brooker-east-london-comedy
2015/02/lesson-learned-pulling-stupid-faces-in,2015-02-20T15:22:13Z,Y,117,Lesson learned. Pulling stupid faces in holiday photos won't stop my wife from uploading them to Facebook. #untagging
2015/02/a-lovely-animation-explaining-hilbert-s,2015-02-21T15:25:48Z,Y,180,"A lovely animation explaining Hilbert's Infinite Hotel Paradox which hurt my head in Discrete Maths back at university.
https://www.youtube.com/watch?v=Uj3_KqkI9Zo
(via @kottke)"
2015/02/three-days-of-walking-round-a,2015-02-22T14:53:52Z,Y,206,"Three days of walking round a city like Prague really does boost your daily step count.
https://barryf.s3.amazonaws.com/prague_steps.png
(This may be the only post I ever make approaching a #workoutbrag)"
2015/03/just-arrived-in-beautiful-bath-ready,2015-03-12T16:59:42Z,Y,74,"Just arrived in beautiful Bath, ready for tomorrow's @BathRuby conference."
2015/04/i-seem-to-have-lost-all,2015-04-23T15:01:41Z,Y,131,"I seem to have lost all my saved searches in @tweetbot and the Twitter web app. I only had a few and can recreate but ¯\\\_(ツ)\_/¯
"
2015/05/ivoted-now-to-settle-back-and,2015-05-07T17:47:54Z,Y,76,#IVoted Now to settle back and wait for the #GE2015 results to trickle in.
2015/05/ending-today-with-man-don-t,2015-05-08T23:18:34Z,Y,85,"Ending today with ""Man Don't Give A Fuck"" at superb @superfurry gig seems appropriate"
2015/05/celebratory-burger-king-and-onion-rings,2015-05-30T20:19:13Z,Y,53,Celebratory Burger King And Onion Rings. Loved that. 
2015/06/on-my-way-to-the-sunny,2015-06-12T09:10:45Z,Y,136,"On my way to the sunny-rainy Isle of Wight for the Festival. Covering all bases with wellies, suntan lotion, waterproof and flip-flops. "
2015/06/big-collection-of-dating-mobile-apps,2015-06-16T15:34:55Z,Y,115,"Big collection of dating mobile apps on @ProductHunt http://www.producthunt.com/chrismessina/collections/bigdating
"
2015/06/spent-the-afternoon-watching-and-presenting,2015-06-25T16:00:15Z,Y,140,Spent the afternoon watching (and presenting) pitches for Thursday's @globaldev hack day. Cracking selection of ideas and itches to scratch.
2015/07/charming-short-film-of-a-brave,2015-07-14T12:26:28Z,Y,141,"Charming short film of a brave actor trying ""offline dating"" by approaching women in London. So many knockbacks!
https://vimeo.com/132695239"
2015/07/pushed-a-quick-facelift-live-for,2015-07-21T13:17:40Z,Y,128,Pushed a quick facelift live for our old globaldev team site to match the new company @venntro branding: http://dev.venntro.com/
2015/07/after-a-week-or-two-of,2015-07-23T10:03:53Z,Y,137,"After a week-or-two of flirting with Apple Music, @Spotify's new Discover feature has lured me back. Love its selection for me this week."
2015/07/belle-and-sebastian-for-two-nights,2015-07-24T11:24:30Z,Y,178,"Belle and Sebastian for two nights at the Royal Albert Hall in June. 

First two albums played in full. 

Oh yes. "
2015/08/what-a-crazy-first-half-hour,2015-08-06T10:35:47Z,Y,95,What a crazy first half hour in the cricket. Watching Stokes' catch in real time... Wow. #ashes
2015/08/emails-from-salespeople-chasing-me-for,2015-08-14T13:07:10Z,Y,92,Emails from salespeople chasing me for a response to their previous cold email = #reportspam
2015/08/australia-may-have-won-the-test,2015-08-23T18:27:03Z,Y,94,Australia may have won the test today but I saw Alastair and England lift the Urn at the Oval.
2015/08/tripped-me-up-today-heroku-s,2015-08-25T20:00:16Z,Y,94,Tripped me up today: Heroku's GitHub auto-deployer doesn't (currently) include git submodules 
2015/09/apple-watch-feature-need-push-to,2015-09-02T12:24:08Z,Y,125,"Apple Watch feature need: push-to-talk between Watches, perhaps over FaceTime Audio. Basically a walkie-talkie on your wrist."
2015/09/new-roles-i-m-looking-for,2015-09-03T09:30:02Z,Y,141,"New roles: I'm looking for a Ruby dev, QA and web designer to join us at @venntrodev in Covent Garden or Windsor http://dev.venntro.com/jobs/"
2015/09/ios-keyboard-clicks-are-just-as,2015-09-11T06:57:45Z,Y,191,iOS keyboard clicks are just as anachronistic as skeuomorphic design. It's time for Apple to default to off. PS grumpy at passenger on train
2015/09/theryanadams-album-covering-all-of-taylor,2015-09-23T11:23:34Z,Y,218,".@theryanadams' album covering all of Taylor Swift's 1989 is very listenable. Tempted to try her original.
http://www.theguardian.com/music/2015/sep/22/review-ryan-adams-taylor-swift-1989-first-listen-track-by-track"
2016/01/time-to-emerge-from-my-post,2016-01-09T18:13:01Z,Y,162,"Time to emerge from my post-baby hibernation to watch Stewart Lee's (almost) 4-hour stand-up marathon.
http://www.southbankcentre.co.uk/whatson/stewart-lee-90720"
2016/01/i-only-started-listening-to-bowie,2016-01-11T12:16:56Z,Y,128,I only started listening to Bowie in the last few years but I realised I'd been a fan all my life regardless. Phenomenal legacy.
2016/01/love-this-evocative-recount-of-the,2016-01-13T13:29:02Z,Y,202,Love this evocative recount of the greatest league finish there will ever be: Arsenal in 1989 http://www.fourfourtwo.com/features/best-ever-title-finish-arsenals-1989-triumph-over-liverpool-told-players
2016/02/my-little-sister-taught-me-how,2016-02-09T14:47:35Z,Y,262,"""My Little Sister Taught Me How To 'Snapchat Like The Teens.'"" Vivid reminder that teenagers are way ahead of us all http://www.buzzfeed.com/benrosen/how-to-snapchat-like-the-teens
(see also https://backchannel.com/a-teenagers-view-on-social-media-1df945c09ac6)"
2016/03/woken-up-last-night-by-one,2016-03-08T08:51:48Z,Y,139,"Woken up last night by one beep somewhere in house. No idea if it was for smoke, baby, security, etc. #IoT idea: beep monitoring/reporting."
2016/03/the-apps-in-my-panasonic-tv,2016-03-08T17:49:04Z,Y,254,The apps in my Panasonic TV broke last night. Turns out Netflix etc. must phone home to a Panasonic URL even if it's down https://www.avforums.com/threads/network-issue-with-panasonic-cloud-services-for-lcd-tv-with-firefox-os.1985724/page-7#post-23313595
2016/03/recent-communication-at-work-is-exclusively,2016-03-11T12:42:35Z,Y,140,Recent communication at work is exclusively via emoji reactions (reacji?) in Slack: 👍 👏 and 👀. Living the monosyllabic reclusive boss dream.
2016/03/new-favourite-podcast-athleticomince-realbobmortimer-and,2016-03-15T19:00:25Z,Y,134,New favourite podcast: @AthleticoMince. @realbobmortimer and @profanityswan talking about football and other nonsense in their brains.
2016/03/sad-about-ifttt-dropping-pinboard-but,2016-03-29T12:28:46Z,Y,189,"Sad about @IFTTT dropping @Pinboard, but requiring services to change integrations (and accept ToS) is back-to-front https://blog.pinboard.in/2016/03/my_heroic_and_lazy_stand_against_ifttt/"
2016/03/this-is-why-you-should-only,2016-03-29T12:33:41Z,Y,147,This is why you should only buy genuine chargers for your expensive laptop: http://www.righto.com/2016/03/counterfeit-macbook-charger-teardown.html
2016/03/receiving-push-notifications-with-emoji-even,2016-03-30T12:03:22Z,Y,155,Receiving push notifications (with emoji!) even before you put your @getmondo card away is pretty cool https://barryf.s3-eu-west-1.amazonaws.com/mondo.jpg
2016/04/i-get-spam-it-s-been,2016-04-21T16:09:29Z,Y,139,"I get spam: ""It's been a busy few weeks for us here at [marketing spam co]"" Not as busy as it's been for my Report Spam shortcut fingers..."
2016/04/ballsy-recruitment-experiment-from-stripe-inviting,2016-04-26T07:50:33Z,Y,143,"Ballsy recruitment experiment from @stripe: inviting whole teams of 2-5 to apply to work together.
https://stripe.com/blog/bring-your-own-team"
2016/06/i-m-going-to-this-evening,2016-06-15T10:05:27Z,Y,131,I'm going to this evening's popup Homebrew Website Club in London: https://indiewebcamp.com/events/2016-06-15-homebrew-website-club
2016/06/watching-the-clangers-with-my-son,2016-06-15T12:29:03Z,Y,223,"Watching The Clangers with my son. Granny Clanger gives Small Clanger a knitted scarf. But they're each made from knitted wool so it's basically a flesh scarf. Horrific.
https://barryf.s3.amazonaws.com/clangers-scarf.png"
2016/06/nothing-much-further-to-add-to,2016-06-27T15:35:18Z,Y,252,"Nothing much further to add to #brexit. I voted for us to stay in, but now that we're (going to be) out, the sooner we can stabilise the economy, society and politics the better. The Thick Of It's ""omnishambles"" feels more appropriate a term than ever."
2016/06/i-would-love-the-option-to,2016-06-27T15:40:56Z,Y,139,I would love the option to check in via @foursquare when I use my @getmondo card. I may not have signal but Mondo knows where card is used.
2016/07/as-a-user-of-an-advanced,2016-07-18T12:34:27Z,Y,166,"As a user of an Advanced (Acorn) Risc Machines chip in my Archimedes in the 80s/90s, I'm a bit sad it's being sold abroad http://www.bbc.co.uk/news/business-36822806"
2016/08/when-your-house-is-on-fire,2016-08-15T12:09:58Z,Y,220,"> When your house is on fire you don’t wait to see if it goes out by itself, you call 999 straight away.
-- @arseblog on Arsenal's inaction over Centre Back injuries. Clearly negligent to start the season so unprepared."
2016/09/enjoyed-and-learned-something-from-each,2016-09-30T21:58:54Z,Y,112,"Enjoyed and learned something from each of the sessions at #mtpcon today, with ideas to take back to @venntrodev"
2016/11/success-rate-of-my-apple-watch,2016-11-09T14:49:55Z,Y,77,Success rate of my Apple Watch unlocking my MacBook Pro is now in the 90s% 👍
2016/11/my-macbook-pro-is-almost-always,2016-11-11T12:48:13Z,Y,141,My MacBook Pro is almost always closed and plugged in to a display. I'd love to buy a wireless keyboard with TouchID for 1Password/Apple Pay.
2016/11/london-indieweb-people-join-us-at,2016-11-16T14:07:09Z,Y,157,"London #indieweb people: join us at Homebrew Website Club tonight at 6pm in Covent Garden. 
https://calumryan.com/event/hwc-20161116/
cc @timblair @hobbsy"
2016/12/pushed-my-micropub-client-live-micropublish,2016-12-31T18:33:29Z,Y,140,Pushed my Micropub client live - Micropublish https://micropublish.net - just in time for the new year. Now time for a few drinks. Happy NY!
2017/01/great-memories-of-chelmsford-and-gigs,2017-01-26T20:23:03Z,Y,134,"Great memories of Chelmsford and gigs in my youth listening to @BBClamacqshow earlier tonight: The Army & Navy, The Y and @BassmentBar"
2017/02/mature,2017-02-08T10:47:58Z,Y,129,"Sitting in today's product demo at work and realising that my age now qualifies me for our ""mature"" online dating sites #oldfogey"
2017/03/s,2017-03-22T18:51:32Z,Y,82,"I'm in Covent Garden, London, not far from [today's attack](http://www.bbc.co.uk/news/uk-39359158) and marking myself safe."
2017/03/wxg,2017-03-23T13:37:08Z,Y,139,Very strong morning at #WXGFIVE. Highlight was relearning everything about social media from @TheSocialChain's omnipotent @SteveBartlettSC.
2017/03/o,2017-03-28T14:46:47Z,Y,196,iOS 10.3 brings wifi and 4G calling for O2 (UK). NB: you need to disable their TU Go service (my request is pending) http://www.o2.co.uk/help/network-coverage-and-international/wifi-and-4g-calling
2017/03/britpop,2017-03-29T12:53:46Z,Y,195,"""The 50 Best Britpop Albums"". Not sure all are /Britpop/, but god, I own and still listen to almost all of these.
http://pitchfork.com/features/lists-and-guides/10045-the-50-best-britpop-albums/"
2017/04/previous-series-of-the-walking-dead,2017-04-01T20:24:12Z,Y,138,"Previous series of The Walking Dead disappeared from Sky Box Sets today. Found them on Amazon Prime video instead. Bad form, @SkyHelpTeam."
2017/04/bt,2017-04-03T20:04:14Z,Y,140,"It's not often said, but well done @BTCare/@OpenreachGB. First working day after reporting intermittent broadband: engineer visited + fixed."
2017/04/things-3,2017-04-11T20:51:01Z,Y,181,"I use @culturedcode's Things to track pretty much everything I do, so I'm looking forward to May's long-awaited V3:
https://culturedcode.com/things/blog/2017/04/things-3-is-coming/"
2017/05/roadmap,2017-05-10T19:13:05Z,Y,149,"""Problem roadmaps not feature roadmaps"" https://medium.com/lookback/the-problem-roadmap-only-build-what-matters-to-customers-e878c18d6a61 👏❤️ #roadmap"
2017/05/a-little-test-posting-from-micro,2017-05-22T16:55:55Z,Y,59,"A little test, posting from Micro.blog for the first time. "
2017/05/delighted-after-the-first-half-of,2017-05-27T17:31:13Z,Y,131,Delighted after the first half of the #FACupFinal but nerves are kicking in. Chelsea can't be that bad in the second half can they?
2017/06/designer,2017-06-19T20:17:57Z,Y,128,I know of a superb graphic designer looking for his next role in the Windsor/Berkshire area. DM me for details if you're hiring.
2017/06/promulgate-wip,2017-06-23T15:46:35Z,Y,243,I've been working on a [WebSub](https://www.w3.org/TR/websub/) hub called [Promulgate](https://github.com/barryf/promulgate). It's fairly basic and although it passes the [WebSub.rocks](https://websub.rocks) tests it needs a bit more polish. I'll probably also add background processing via Sidekiq so that publish requests aren't blocking.
2017/07/hwclondon-20170712,2017-07-06T16:06:35Z,Y,140,New @hwclondon (Homebrew Website Club London) site https://hwclondon.co.uk + new venue at WeWork South Bank Central. Join us Wed 12th - 6pm.
2017/07/bandwagonesque,2017-07-31T12:37:03Z,Y,188,"Favourite bands/music colliding: Ben Gibbard (Death Cab For Cutie) covers all of Teenage Fanclub's Bandwagonesque.
https://www.youtube.com/playlist?list=PLVuKHi9v2Rn4c95Kj7_Wb2L57jPyL1K8f"
2017/08/vue,2017-08-11T08:05:29Z,Y,164,"I'm halfway through @laracasts' free @vuejs video tutorials and really enjoying Vue's lightweight approach: 
https://laracasts.com/series/learn-vue-2-step-by-step/"
2017/08/deployed-my-first-bit-of-vuejs,2017-08-23T17:50:10Z,Y,124,"Deployed my first bit of @vuejs code, swapping out some messy jQuery/Mustache. Surprisingly easy. A+ would hack on it again."
2017/08/in-my-28-years-as-a,2017-08-30T21:19:43Z,Y,136,In my 28 years as a Gooner this feels like the lowest ebb. Even with George's bung you felt the Club's stewardship would see us through.
2017/09/iphone-x,2017-09-12T15:37:30Z,Y,119,"Even though I've read all the ""spoilers"", I'm still excited for today's iPhone X announcement. Time for Apple to shine."
2017/10/lock,2017-10-04T15:40:21Z,Y,97,Handy new macOS High Sierra tip: you can lock your screen using the keyboard shortcut ctrl-cmd-q.
2017/10/transformative-improvements,2017-10-10T21:08:28Z,Y,271,While posting [an article](https://barryfrost.com/2017/10/postgres-json-sequel) here earlier I reminded myself how clunky I've made things unless I'm writing plain-text notes. Manually hacking the content in a JSON document is unnecessarily cumbersome. And syntax-highlighted code blocks would be nice. Some itches to scratch!
2017/10/afc-89,2017-10-11T12:21:29Z,Y,144,"Can't wait for this documentary of the greatest end to a football season there will ever be. ""89"". 
https://www.youtube.com/watch?v=UmUiHof01l4"
2017/10/microblog-test,2017-10-16T16:43:24Z,Y,52,Posting a test note from the new Micro.blog Mac app.
2017/10/simonw-cd,2017-10-17T14:33:33Z,Y,180,"I love that @simonw is blogging again. His recent posts are great reads, including this on CD with free services:
https://simonwillison.net/2017/Oct/17/free-continuous-deployment/"
2017/10/grooming,2017-10-24T19:38:34Z,Y,103,Superbly detailed piece from our DPM @hayleyhinsley on how she continuously grooms our product backlog https://medium.com/hayleyhinsley/how-and-why-you-should-regularly-backlog-groom-and-re-assess-priorities-e688f7dbda6
2017/11/twitter-280,2017-11-08T16:38:04Z,Y,257,"As seems obligatory today, this note tests whether I can post tweets with over 140 characters, now that Twitter supports up to 280. I'm posting this to my site first (naturally) and hopefully the Ruby @gem and Twitter's API won't bork when it's syndicated 🤞"
2018/02/watching-those-side-boosters-land-from,2018-02-06T20:59:36Z,Y,172,Watching those side boosters land from @spacex Falcon Heavy was a genuine open-mouth woah moment! Just amazing. Nice touches with Bowie and Don’t Panic on the Tesla screen.
2018/03/my-paternity-leave-has-timed-perfectly,2018-03-01T12:00:02Z,Y,136,My paternity leave has timed perfectly with the snow and ice. Being homebound with a newborn is more bearable when I’m snowed-in anyway.
2018/03/at-my-first-hnlondon-for-a,2018-03-22T18:20:41Z,Y,136,"At my first #HNLondon for a long while. A big crowd, a couple of top-notch speakers lined up and free pizza. Good work, @steviebuckley. "
2018/04/arsene,2018-04-20T18:43:36Z,Y,277,"Arsène Wenger became Arsenal's manager when I was 17. Throughout my adult life - university, jobs, relationships, marriage and two kids - he's been a constant. It's a strange, sad feeling that he's going. #MerciArsène for the beautiful football, the trophies and so many highs."
2018/04/first-proper-night-out-after-the,2018-04-23T21:52:41Z,Y,216,"First proper night out after the second baby for the last night of Stewart Lee’s Content Provider tour at the Royal Festival Hall. As always, brilliant, even sitting at the back among the “Friends of the South Bank”."
2018/04/registered-myself-for-the-builders-day,2018-04-25T20:45:06Z,Y,113,Registered myself for the Builders’ Day at May’s AWS Summit London. I’m hoping to attend the Serverless sessions.
2018/05/i-finished-the-fantasy-premier-league,2018-05-13T20:44:47Z,Y,161,"I finished the Fantasy Premier League @OfficialFPL season in 2,644th place (out of 5.9M). Not too shabby. More importantly, I topped our little work mini league."
2018/05/i-m-off-today-to-my,2018-05-20T10:05:51Z,Y,169,I'm off today to my first Silicon Milkroundabout as a candidate. After several of the early shows as an exhibitor I'm looking forward to attending as a punter. #smrmay18
2018/06/i-ve-got-a-couple-of,2018-06-22T11:38:55Z,Y,144,I’ve got a couple of people asking me for freelancer referrals for some light website development and SEO work. DM me and I’ll put you in touch.
2018/07/gumtree,2018-07-09T12:39:37Z,Y,164,"I’m very excited to share that I’m joining @Gumtree as CTO next week. 
I can’t wait to get started with my new colleagues in the @GumtreeDevTeam and @eBay family 🎉"
2018/11/first-time-at-camden-s-electric,2018-11-14T23:33:40Z,Y,140,First time at Camden’s Electric Ballroom in about 20 years to see Teenage Fanclub revisit albums from my youth tonight. Loved every moment.
2019/01/rocket,2019-01-19T11:57:33Z,Y,133,At Alexandra Palace for Ronnie O’Sullivan v Ding Junhui. My first #MastersSnooker match and lucky enough to see the Rocket in action.
2019/05/san-jose,2019-05-20T23:46:38Z,Y,167,"I'm in San Jose for this week's @eBay Leaders conference. It's my first visit to California since 2001 and I'm quite enjoying it, especially the food markets downtown."
2019/06/at-the-barbican-today-for-the,2019-06-11T10:49:53Z,Y,146,At the Barbican today for the Lead Dev London conference. Strong start. I especially enjoyed seeing @lara_hogan for the first time. #leaddevlondon
2019/06/flying-off-to-the-hague-for,2019-06-16T12:48:28Z,Y,136,"Flying off to The Hague for a week for work this afternoon, so my Father’s Day treats have been cut short. I’ll miss my little monkeys. "
2019/06/hottest-day-of-the-year-up,2019-06-29T15:15:00Z,Y,171,"Hottest day of the year (up around 34C) at the local village fete. Tombola win, burger, nice pint of real ale, ice cream and now home to cool down in front of the cricket."
2019/09/iphone,2019-09-13T15:01:03Z,Y,248,"Pre-ordered an iPhone 11 Pro earlier this afternoon, silver, 256GB. And so begins the passing down of devices through the family. 

I seriously considered the 11 but have been spoiled by the OLED screen on my X and didn’t want to downgrade to LCD."
2019/09/highly-recommended-stewart-lee-s-sharknado,2019-09-27T21:56:02Z,Y,106,Highly recommended: Stewart Lee’s Sharknado / Alan Bennett routine. Even better when the stage props fail.
2019/12/tried-apple-pay-s-express-mode,2019-12-02T20:51:23Z,Y,238,"Tried Apple Pay's Express Mode on the Tube this morning and it worked beautifully. Lightning fast and no risk to barrier etiquette. FYI set up your ""Express Travel Card"" in your Wallet first.

https://www.apple.com/uk/apple-pay/transport/"
2021/05/wilf,2021-05-08T12:26:08.145Z,Y,268,"Experience: ""I’ve had the same supper for 10 years https://www.theguardian.com/lifeandstyle/2021/apr/16/experience-ive-had-the-same-supper-for-10-years 

“I have two pieces of fish, an onion, an egg, baked beans and biscuits. Being a farmer means every day is the same.”

There's something beautiful in the simplicity of Wilf's life. It's easy to envy his contentment."
2021/05/get-a-safe-minimized-version-of,2021-05-17T15:39:26.441Z,Y,231,"""Get a safe, minimized version of your production database on your laptop in minutes"" -- https://www.snaplet.dev

This is a real developer problem that I've seen happen many times over, so I'm excited to see how Snaplet progresses."
2021/06/i-m-one-of-the-lucky,2021-06-13T09:35:50.475Z,Y,192,"I’m one of the lucky few to be going to #ENG v #CRO today at #EURO2020. First train, first tube, first crowd and first football match since COVID began! Excited but a bit nervous about it all."
2021/06/i-m-impressed-with-how-easy,2021-06-22T15:48:45.158Z,Y,232,"I'm impressed with how easy it's been setting up #homebridge on my RaspberryPi to control my non-HomeKit devices. I'm slowly moving across from Alexa using plugins for a Dyson fan, Nest Cams, Tapo switches and a Govee light strip. 👌"
2021/06/second-covid-vaccination-feeling-a-bit,2021-06-26T10:20:34.667Z,Y,93,Second COVID vaccination 💪. Feeling a bit sore in my arm but relieved to have had both doses.
2021/09/always-nice-to-find-links-to,2021-09-01T15:01:08.432Z,Y,97,Always nice to find links to my website from fans on HN 👋😘 https://mckinley.cc/blog/20210831.html
2021/09/i-upgraded-to-ios-15-and,2021-09-21T16:02:07.912Z,Y,265,"I upgraded to iOS 15 and so far so good:
- Forcing myself to use Safari's bottom address bar.
- New 1Password extension is a big time-saver. 
- I tried iCloud+'s custom email domain support and it works perfectly, including on Big Sur. 
- Just waiting for Monterey."
2021/09/nice-try-apple-sending-a-kill,2021-09-24T15:00:50.604Z,Y,258,"Nice try, Apple... sending a kill command to brick my iPhone in the early hours of this morning on the day the shiny, new 13 is released. Sneaky. The display flickered forlornly before it finally gave up. Thankfully my mobile insurance covers a replacement 😥"
2021/10/tomorrow-i-m-assembling-my-team,2021-10-06T16:58:50.001Z,Y,239,"Tomorrow I'm assembling my team for the first time together in real life for workshops and /collaboration/ in a conference room. I had to dig around to find my Sharpies, Post-Its, exercise print-outs and an HDMI adapter. It's been a while!"
2021/12/boosted,2021-12-15T17:54:20.387Z,Y,10,Boosted! 💉
2022/01/list-of-hot-countries-our-6,2022-01-05T15:15:56.988Z,Y,159,"List of ""hot countries"" our 6 year old said he'd like to go to on holiday:
- France
- Australia 
- Russia 
- Sainsburys 
- West Ham 
- Newcastle 
- Wolves
😆❤️"
2022/07/these-increased-limits-are-great-news,2022-07-03T16:49:43.865Z,Y,203,"These increased limits are great news for young-ish UK and NZ people. When I was 21 I had a wonderful year living, travelling and working my way around New Zealand. https://www.bbc.co.uk/news/uk-62014494"
2022/07/thrashed-by-10-wickets-not-the,2022-07-12T18:39:56.036Z,Y,215,Thrashed by 10 wickets. Not the greatest day’s cricket (or value for money) for us England fans at The Oval today. https://www.theguardian.com/sport/2022/jul/12/england-india-first-one-day-international-match-report
2022/11/because-of-the-alarming-events-unfolding,2022-11-06T10:51:57.140Z,Y,204,"Because of the alarming events unfolding at Twitter, like many I’ve been exploring Mastodon. I’m optimistic. You can find me at https://mastodon.social/@barryf or my own #indieweb website barryfrost.com. "
2022/11/i-ve-added-mastodon-syndication-to,2022-11-08T19:30:33.428Z,Y,226,"I've added Mastodon syndication to my website's backend, which means this post should appear on my website (barryfrost.com), my Twitter account (@barryf@twitter.com) and my Mastodon account (@barryf@mastodon.social). #indieweb"
2022/11/oh-no-i-thought-i-d,2022-11-09T20:53:34.597Z,Y,233,"Oh no... I thought I'd managed to beat my Football Manager addiction. #FM23 is now available as part of Apple Arcade with cloud sync across Mac and iOS devices 🫣

https://apps.apple.com/gb/app/football-manager-2023-touch/id1626267810"
2022/12/congratulations-to-paulrobertlloyd-on-the-launch,2022-12-17T20:29:32.992Z,Y,258,Congratulations to @paulrobertlloyd on the launch of https://getindiekit.com. It's an incredibly polished and well-designed #indieweb tool. If you're thinking of setting up a personal website (you should!) then you should definitely be checking out Indiekit.
2023/01/well-it-s-been-a-disappointing,2023-01-10T22:00:04.674Z,Y,259,Well it's been a disappointing start to the year... yesterday I was let go from my job. Although it was one of several redundancies it's still a bit of a gut punch and the first time I've been laid off. Hey ho. Time to move on and get stuck into a job search.
2023/01/i-m-treating-my-job-search,2023-01-20T09:34:35.220Z,Y,272,"I'm treating my job search like a full-time job and finding I'm just as busy with calls and messages. I have a few exciting roles at early stages and feeling positive. I'm also enjoying swapping leads with other ex-colleagues - something positive out of all the #layoffs.
"
2023/05/archimedes-live-arclive-oldbytes-space-is,2023-05-16T09:36:51.768Z,Y,209,Archimedes Live (@arclive@oldbytes.space) is a WebAssembly-powered Acorn Archimedes emulator. It's fun using RISC OS again and loading disc images of games I played in the early 1990s. https://archi.medes.live
2023/09/i-m-getting-the-dreaded-rattling,2023-09-03T15:01:23.634Z,Y,272,"I'm getting the dreaded rattling noise from one bud of my original AirPods Pro, but only when using noise cancellation. A half-hour with Apple Support generated a quote of £246 to fix or replace. I may as well just buy brand new! For now I'll use my pair as dumb AirPods 🤷"
2024/02/threads-is-a-gripping-miserable-experience,2024-02-05T21:05:44.536Z,Y,221,"""Threads is a gripping, miserable experience” https://www.theverge.com/24060504/threads-review-a-miserable-experience). @verge@mastodon.social on Threads (not that one), the post-apocalyptic 1984 British film, still the most harrowing thing I've watched. I own it on DVD. I must watch it again."
2024/02/big-work-news-altium-has-accepted,2024-02-15T16:06:14.005Z,Y,140,Big work news: Altium has accepted a $5.9bn offer from Renesas https://finance.yahoo.com/news/japan-renesas-buy-software-firm-233644945.html
2024/09/i-was-just-adding-a-gig,2024-09-19T08:39:43.893Z,Y,216,I was just adding a gig I’m going to on Last.fm when I saw my “member since” date: 16 August 2004 😯. That’s 20 years of scrobbling (since its Audioscrobbler days). Newer than my Gmail account but older than Twitter.
2000/10/leaving-on-friday-morning-no-puter,2000-10-18T00:00:00Z,N,110,Leaving on Friday morning - no 'puter until then so next entry will be from somewhere in New Zealand.  Hurrah!
2001/01/have-now-put-photos-up-on-site,2001-01-06T00:00:00Z,N,134,"Have now put photos up on the site. Will get some explanations and ""full back-dated links"" throughout the travelblog as soon as I can."
2001/02/you-can-now-comment-on-anything-i-say,2001-02-08T00:00:00Z,N,94,"You can now comment on anything I say: click on ""Discuss"" below any post to add your comments."
2001/02/dans-now-got-website-with-photos-and,2001-02-23T00:00:00Z,N,73,Dan's now got a website with photos and an alternative travel blog/diary.
2001/04/not-much-time-to-write-sorry,2001-04-14T00:00:00Z,N,200,Not much time to write (sorry). Have scanned some new photos in - scroll to the bottom of the page - and will write some explanations as soon as I can. Hopefully the filenames will give you some idea.
2001/05/i-wonder-what-life-would-be-like-if-i,2001-05-02T00:00:00Z,N,164,"I wonder what life would be like if I were Mr T? ""You don't hear nothin' but your pea brain rollin' around in your head!"" (via Davezilla and Little Green Footballs)"
2010/06/tweet-17413189925,2010-06-30T00:00:00Z,N,140,RT @globaldev: And we're live!  Come visit us at http://globaldev.co.uk/ - my team's new site. My favourite part: http://globaldev.co.uk/404
2010/07/tweet-18516492026,2010-07-14T00:00:00Z,N,27,"@mmmmspaz Ouch, fair point."
2010/08/tweet-21472384205,2010-08-18T00:00:00Z,N,125,@twitsplosion &gt;&gt; @bfirsh: Last few pics of the @warwickboar office before we got kicked out http://bit.ly/drlJsX (cc @barryf)
2011/02/tweet-39814662015029248,2011-02-21T22:32:09Z,N,89,"@BradHaverly Fair enough. Well, it certainly makes me want to walk to the office instead."
2011/03/tweet-51035966135218176,2011-03-24T21:41:37Z,N,95,"@maturedatinguk1 Ha ha, sorry Paul, every one of our @wld children is special in their own way!"
2011/04/tweet-54988236933697536,2011-04-04T19:26:31Z,N,114,"@AdrianPoynton Officer Orsom, love it! Needs his own spin off. Congrats on the acting(!) and series. Ep3 best yet."
2011/04/tweet-60444092194226176,2011-04-19T20:46:09Z,N,101,A new start: the first article from my redesigned website: http://barryfrost.com/articles/a-new-start
2011/04/tweet-62862550576021504,2011-04-26T12:56:14Z,N,139,"@BradHaverly You should write a blog post comparing them all. I've tried Tweetie/Twitter, Tweetbot and Echofon and prefer the official one."
2011/04/tweet-62903408608284673,2011-04-26T15:38:35Z,N,145,It's the little things: just noticed Google Calendar's favicon changes to today's date (on Chrome/Mac at least) http://cl.ly/0c3B1h343O1R2V2I2r0z
2011/05/tweet-64735572329107456,2011-05-01T16:58:57Z,N,121,Mammoth Instapaper queue and Google Reader stars reading/bookmarking session done: http://barryfrost.com/2011/05/01/links
2011/05/baker-21,2011-05-11T00:00:00Z,N,64,"[Get your eyes lasered](/articles/get-your-eyes-lasered)

My experiences getting laser eye surgery."
2011/05/tweet-70908988350410752,2011-05-18T17:49:54Z,N,87,@BradHaverly Eh? Will use it for testing and researching dating apps. You're not a fan?
2011/05/tweet-70923909150670848,2011-05-18T18:49:12Z,N,104,"@BradHaverly Competition is always good, benefits everyone. Sneaky suspicion that v5 will be a big jump."
2011/05/baker-22,2011-05-25T00:00:00Z,N,108,"[The recruitment threesome](/articles/the-recruitment-threesome)

The struggle between recruiters, employers and candidates and my advice for each."
2011/06/tweet-76977120370360320,2011-06-04T11:42:30Z,N,121,@BradHaverly Yep. Went off them a bit after recent albums but back to form. @ian_winter and I are seeing them next month.
2011/06/baker-23,2011-06-19T00:00:00Z,N,89,"[Witness the fitness](/articles/witness-the-fitness)

My geeky approach to trying to get a bit fitter with fun technology."
2011/07/tweet-93719968008515584,2011-07-20T16:32:36Z,N,74,"@BradHaverly More to the point, why are you searching for ""white dog poo""?"
2011/07/tweet-94534995363897344,2011-07-22T22:31:13Z,N,95,"@BradHaverly Go into Mission Control, move your pointer to the top and a + icon will slide out."
2011/08/tweet-102796464119496704,2011-08-14T17:39:21Z,N,112,@jasonkneen All set for tomorrow? See you at 9:30. It's my first day back after hols so we'll catch up together.
2011/09/tweet-115837796891099136,2011-09-19T17:20:57Z,N,61,It's just another form of racism http://yfrog.com/nu67595449j
2011/09/tweet-116846695983230976,2011-09-22T12:09:57Z,N,52,@johannduplessis One of the perks/curses of the job!
2011/09/tweet-116853961004290048,2011-09-22T12:38:50Z,N,145,I've blogged for @globaldev again: my write-up of the Future of Mobile conference last week http://globaldev.co.uk/2011/09/future-of-mobile-2011/
2011/09/tweet-119394833445044225,2011-09-29T12:55:21Z,N,49,"@CerysBear Thanks very much, Cerys. Panic over :)"
2011/11/tweet-136131242881060864,2011-11-14T17:19:52Z,N,104,@zheileman I would love to talk to you about a Rails role with us at @globaldev - are you still looking?
2011/11/tweet-139082807669555201,2011-11-22T20:48:20Z,N,134,The best game ever: sorting my spare change and making ~£150 from thin air http://twitter.com/barryf/status/139082807669555201/photo/1
2011/11/tweet-140057481618530304,2011-11-25T13:21:21Z,N,102,@larrylou100 Benton finally catches a deer http://twitter.com/barryf/status/140057481618530304/photo/1
2011/12/tweet-144095826648645633,2011-12-06T16:48:16Z,N,136,My office has been seasonally vandalised with horrific Christmas decorations #humbug  http://yfrog.com/o09aohrj http://yfrog.com/ocswvej
2012/01/tweet-154588087492685824,2012-01-04T15:40:46Z,N,136,@larrylou100 You'd like that book too… RT @NivenJ1: I do think Kirstie Allsop's Crap would be an awesome book. http://yfrog.com/keo2tzdj
2012/01/tweet-157238707613732865,2012-01-11T23:13:25Z,N,77,LET'S PLAY DARTS! http://twitter.com/barryf/status/157238707613732865/photo/1
2012/01/tweet-157832698075951104,2012-01-13T14:33:42Z,N,45,@CerysBear I wish I hadn't just googled that.
2012/01/tweet-160046170444529664,2012-01-19T17:09:15Z,N,138,@skrivr Thanks for the invite but I'd rather not give access to my whole Dropbox. Would you consider using a folder in /Apps like Calepin?
2012/02/tweet-166628290050801666,2012-02-06T21:04:15Z,N,135,Hack Day winners! Well done @matsadler @shewhobangs and @mmazour #gdhackday http://twitter.com/barryf/status/166628290050801666/photo/1
2012/02/tweet-169786952441270272,2012-02-15T14:15:38Z,N,185,"Horrific Arsenal kit: more Man U than theirs! Black? Should be red shirt, white sleeves/shorts/socks RT @GarethDParker http://twitter.com/GarethDParker/status/169773862580527104/photo/1"
2012/02/tweet-169908625932951554,2012-02-15T22:19:07Z,N,129,"@fifthposition Thanks very much for tweeting a link to my article, Ben. Always nice to see someone's read something I've written!"
2012/02/tweet-169914221038018561,2012-02-15T22:41:22Z,N,178,"Not sure it'll replace Things, but Clear is fun to play with. Love the little touches, like unlocking a Tweetbot theme http://twitter.com/barryf/status/169914221038018561/photo/1"
2012/02/tweet-170193896817704960,2012-02-16T17:12:42Z,N,160,Staying in a stunning 15th century inn for @larrylou100's birthday. King's Suite (probably haunted). http://twitter.com/barryf/status/170193896817704960/photo/1
2012/02/tweet-174826609927389184,2012-02-29T12:01:27Z,N,89,My little green friend #mwc12 http://twitter.com/barryf/status/174826609927389184/photo/1
2012/03/tweet-175177324264833024,2012-03-01T11:15:03Z,N,133,"@tedel Thanks for the interest, but these are dating sites running on our platform. We don't advertise third parties on the WLD site."
2012/05/tweet-200557026483503106,2012-05-10T12:04:55Z,N,180,Big dating industry news today: we've acquired http://Smooch.com: http://globalpersonals.co.uk/press-release/global-personals-ltd-acquires-market-leading-freemium-brand-smooch-com/
2012/05/tweet-201643770578599936,2012-05-13T12:03:16Z,N,69,Hairy cow http://twitter.com/barryf/status/201643770578599936/photo/1
2012/05/tweet-201644412470689794,2012-05-13T12:05:49Z,N,75,Yarrr #hastings http://twitter.com/barryf/status/201644412470689794/photo/1
2012/05/tweet-201675261048127488,2012-05-13T14:08:24Z,N,95,BBQ in the sun by the sea. Perfect. http://twitter.com/barryf/status/201675261048127488/photo/1
2012/05/tweet-203524175003009025,2012-05-18T16:35:19Z,N,99,@LouBearweasel Thanks very much for all your help this week. Enjoy that well-deserved wine tonight.
2012/05/tweet-203850426574061569,2012-05-19T14:11:43Z,N,73,@grantbunyan At the West End school fair with Laura. Are you guys around?
2012/07/tweet-220139978976538624,2012-07-03T13:00:35Z,N,62,Love this: a pub in a shed http://bfr.st/NZW2yr /via @currybet
2012/07/tweet-221362053439426560,2012-07-06T21:56:40Z,N,58,@neilmiddleton Good work. Looking forward to reading that.
2012/07/tweet-222686895170269186,2012-07-10T13:41:07Z,N,170,"Inexplicably, football legend Carlos Valderramma is in Windsor to jog through the town with some fire http://twitter.com/windsorobserver/status/222684476776513536/photo/1"
2012/08/tweet-232951320825442305,2012-08-07T21:28:17Z,N,68,@belkin When is the Wemo coming to the UK? I'd love to buy one here.
2012/08/tweet-234010348276043776,2012-08-10T19:36:30Z,N,129,"Meet Poppy, our new housemate. I wasn't allowed to call her Megatron. http://twitter.com/barryf/status/234010348276043776/photo/1"
2012/09/tweet-249062947702329344,2012-09-21T08:30:10Z,N,92,Long iPhone 5 is long. And thin. http://twitter.com/barryf/status/249062947702329344/photo/1
2012/09/tweet-252053428270923777,2012-09-29T14:33:14Z,N,18,@cronkshaw Gutted.
2012/10/tweet-261223371231072257,2012-10-24T21:51:20Z,N,174,@cronkshaw Pre-match CL wavy flag in the centre circle. Before we lost. Again. Grrr. Frustrated gooners around me. http://twitter.com/barryf/status/261223371231072257/photo/1
2012/10/tweet-261224050133700608,2012-10-24T21:54:01Z,N,80,@cronkshaw I’m 2/2 losses in your seat this season. Next up for me: Spurs! Gulp.
2012/10/tweet-262516029299773441,2012-10-28T11:27:54Z,N,117,#LetterPress just got real. @larrylou100 plays the C word http://twitter.com/barryf/status/262516029299773441/photo/1
2012/10/tweet-263211390255366144,2012-10-30T09:31:00Z,N,40,@twitsplosion Good luck to you and Lyra.
2012/11/tweet-265890326022062080,2012-11-06T18:56:08Z,N,146,I was in New York on election night exactly 4 years ago and (as a foreigner) was impressed by the huge sense of op — https://posts.app.net/1416398
2012/11/tweet-266663542181208064,2012-11-08T22:08:37Z,N,179,View from my seat at yesterday's ATP World Tour Finals game between Murray and Djokovic. Nice way to spend an afternoon http://twitter.com/barryf/status/266663542181208064/photo/1
2012/11/tweet-267993202865344512,2012-11-12T14:12:13Z,N,131,I wonder how many emails this person has sent with this opening gambit? http://twitter.com/barryf/status/267993202865344512/photo/1
2012/11/tweet-269824772488196097,2012-11-17T15:30:14Z,N,172,"That’s much more like it, Arsenal. Hoarse but happy from celebrating those 5 goals. 60K delirious Gooners today. http://twitter.com/barryf/status/269824772488196097/photo/1"
2012/11/tweet-270647947564306434,2012-11-19T22:01:13Z,N,95,Fist of Fun Series 2 (would make an excellent Christmas present for me...) http://bfr.st/URiRNM
2012/11/tweet-273055490630619136,2012-11-26T13:27:56Z,N,87,"Listening to @MartinRossiter’s beautiful new album, released today http://bfr.st/Unz4b6"
2012/11/tweet-274284123999309824,2012-11-29T22:50:05Z,N,131,"@jeffdaviess Still feeling fine, thanks, 2 years on. Very glad I went through with the surgery. Good luck if you’re considering it."
2012/11/tweet-274589268712755202,2012-11-30T19:02:38Z,N,147,"We look ridiculous. It’s for a very good cause, but thank god it’s the end of #movember http://twitter.com/barryf/status/274589268712755202/photo/1"
2012/11/tweet-274590463229587457,2012-11-30T19:07:22Z,N,120,If you fancy supporting me/us and the fight against prostate and testicular cancer then dig deep at http://bfr.st/TyjB7E
2012/12/tweet-278435458462142464,2012-12-11T09:46:01Z,N,112,My office has been Xmas-bombed. Even my pens… Full set of photos from Santa (aka @timblair) http://bfr.st/Z9bcLT
2012/12/tweet-282880943474216961,2012-12-23T16:10:47Z,N,175,Poppy the cat is not so sweet and innocent. Discovered another cat's collar and fur next to the back door. Bruiser. http://twitter.com/barryf/status/282880943474216961/photo/1
2013/01/tweet-289337246908289024,2013-01-10T11:45:50Z,N,123,Love my @globalpersonals cake. 5 years of awkward photos of me. http://twitter.com/barryf/status/289337246908289024/photo/1
2013/01/tweet-293279067950682112,2013-01-21T08:49:13Z,N,112,Horses in the field are persevering through the snow http://twitter.com/barryf/status/293279067950682112/photo/1
2013/02/tweet-300906184058212353,2013-02-11T09:56:39Z,N,74,@martinbtt Are you going to LRUG tonight? Would be good to catch up if so.
2013/02/tweet-300969533240385538,2013-02-11T14:08:23Z,N,120,Kicking Mailbox's tyres. Very slick. #InboxZero via @Mailbox http://twitter.com/barryf/status/300969533240385538/photo/1
2013/03/tweet-309965307185868800,2013-03-08T09:54:22Z,N,137,@nixgeek Enjoyed your talk last night - very similar to how we work and ship. We’d love to use your/GH’s Propane hacks - are they public?
2013/03/tweet-313706134215217152,2013-03-18T17:39:05Z,N,174,Trying out @IFTTT’s new @ESPN channel with a recipe for Arsenal news and chuckling at the Americanized club names: http://twitter.com/barryf/status/313706134215217152/photo/1
2013/04/tweet-322008972699770881,2013-04-10T15:31:36Z,N,126,Thanks all! @larrylou100 and me on a Cretan hilltop post-proposal: http://twitter.com/barryf/status/322008972699770881/photo/1
2013/04/tweet-322020513666981888,2013-04-10T16:17:27Z,N,103,"@globalpersonals Ha, thanks GP marketing team. I’m sure we can spin a dating success story out of this!"
2013/04/tweet-327076314777530368,2013-04-24T15:07:24Z,N,90,"@tastebuds @alexparish @juliankeenaghan Congratulations on the funding, guys. Superb news."
2013/04/tweet-327086643020431362,2013-04-24T15:48:27Z,N,133,"@Tomtids are you available, Tom? RT @scott_collins: @barryf Hey Barry, do you know any good freelance PHP guys commutable to Woking…?"
2013/05/tweet-332044526959083520,2013-05-08T08:09:18Z,N,139,@SurreyTravel Long queues Tue/Wed up through Egham because traffic lights are still off at Runnymede Roundabout. When will they be back on?
2013/05/tweet-336113308920868864,2013-05-19T13:37:12Z,N,67,Cricket http://twitter.com/barryf/status/336113308920868864/photo/1
2013/07/tweet-352447438809858049,2013-07-03T15:23:12Z,N,101,“Two charts that show how the internet [online dating] is ruling our sex lives” http://bfr.st/12GKMxo
2013/07/tweet-356034564164030466,2013-07-13T12:57:09Z,N,174,We thought we’d get the deckchairs out. Bastard wasps got there first. Their nest looks like something from Alien. http://twitter.com/barryf/status/356034564164030466/photo/1
2013/07/tweet-360145883494481921,2013-07-24T21:14:05Z,N,175,"For a glorious moment today, retiring football scores reading legend, J.A.G., was trending right next to #royalbaby http://twitter.com/barryf/status/360145883494481921/photo/1"
2013/07/tweet-361154272005607424,2013-07-27T16:01:03Z,N,116,Australian attack struggling against the might of Sussex http://twitter.com/barryf/status/361154272005607424/photo/1
2013/07/tweet-361481484785291266,2013-07-28T13:41:16Z,N,97,@mowatt_andrew You could at least tweet something now that you have a follower. It’s only polite.
2013/08/tweet-369712768616001536,2013-08-20T06:49:27Z,N,63,@JamesLafferty Congratulations to you and @laurac1. Great news!
2013/08/tweet-370948426831503361,2013-08-23T16:39:31Z,N,127,@twitsplosion RT @codegent: I couldn't live without... LeCool http://www.codegent.com/blog/2013/8/i-couldnt-live-without-lecool
2013/09/baker-1,2013-09-02T08:53:23Z,N,130,"This is my first post on my fledgling [POSSE](http://indiewebcamp.com/POSSE)-powered experimental blog app, Baker.

Why ""Baker""? Because I'm eating my own [dogfood](http://www.bakerscomplete.co.uk)."
2013/09/tweet-374578078619820032,2013-09-02T17:02:27Z,N,159,Splendid afternoon tea at Great Fosters with @larrylou100 (and wasps) http://www.greatfosters.co.uk http://twitter.com/barryf/status/374578078619820032/photo/1
2013/09/tweet-376756095286784000,2013-09-08T17:17:07Z,N,169,@boffbowsh @WheresWardy Sums it up nicely #notfootball RT @Oatmeal: HECK YES WHO'S READY FOR SOME #FOOTBALL? http://twitter.com/Oatmeal/status/376755360071045120/photo/1
2013/09/baker-16,2013-09-17T10:43:41Z,N,136,I'm looking for an iOS app that uploads a photo to an Amazon S3 bucket and exposes its URL for cut-and-pasting. Does such a thing exist?
2013/09/baker-24,2013-09-20T07:41:32Z,N,54,"iPhone 5S ordered. Slate grey, 32Gb. ETA 8-11 October."
2013/09/baker-26,2013-09-20T13:53:43Z,N,88,At Weybridge Registry Office to give our notices in preparation for next year's wedding.
2013/09/baker-27,2013-09-22T17:58:10Z,N,138,"Handy new iOS7 feature: Safari supports Bluetooth keyboard shortcuts like select all (⌘A), new tab (⌘T), close tab (⌘W) and location (⌘L)."
2013/09/baker-28,2013-09-24T16:15:47Z,N,29,[Smart quotes for smart people](http://smartquotesforsmartpeople.com)
2013/09/baker-29,2013-09-25T14:22:53Z,N,100,I'm going to [Web Summit 2013](http://www.websummit.net) in Dublin next month. Impressive line-up of [speakers](http://www.websummit.net/attendees/featured-attendees.html) over the two days.
2013/09/baker-34,2013-09-25T15:43:12Z,N,132,Started using [Flint for iOS](http://giantcomet.com/flint/ios/) to access the [globaldev](http://globaldev.co.uk) [Campfire](http://campfirenow.com/) account. Smart iOS7 design and push notifications for keyword mentions.
2013/09/baker-36,2013-09-28T13:11:31Z,N,63,Trying out [PourOver](https://adn-pourover.appspot.com/) for auto-syndication to my [App.Net account](https://alpha.app.net/barryf).
2013/09/baker-37,2013-09-30T14:15:20Z,N,137,Employing @tweetbot's keyword-muting feature to hide Br-aking B-d spoilers until I can watch it this evening. A few close shaves earlier.
2013/10/baker-38,2013-10-01T18:12:14Z,N,138,"First use I've found for iOS7's caller blocking: preventing nuisance upgrade calls from my mobile carrier's ""partner"" from 0845 286 0303."
2013/10/baker-39,2013-10-05T16:09:10Z,N,49,Fun afternoon looking at and driving a few Audis.
2013/10/baker-41,2013-10-06T11:32:08Z,N,260,"I've added a page explaining [how to comment](/how-to-comment) on posts on my site with [IndieWeb comments](http://indiewebcamp.com/comment). 

There's now a new help link under each post. Next step is to support in-context posting from compatible sites, but that can probably wait for a higher volume of comments."
2013/10/baker-42,2013-10-07T19:46:41Z,N,130,Visual Voicemail has finally arrived on Orange/EE in the UK. I'd missed it from when I had an O2 contract. http://www.ee.co.uk/vvm
2013/10/baker-45,2013-10-11T13:20:00Z,N,290,"I've installed [Barnaby Walters](http://waterpigs.co.uk/)' clever [Weave](http://waterpigs.co.uk/notes/4SUHfc/) browser extension for Twitter.com to expand truncated POSSE tweet copies of #IndieWeb posts. 

If you're viewing this on my site or on the Twitter website with Weave then you should be reading my whole post, not just the ~140-character summary."
2013/10/baker-51,2013-10-12T10:56:46Z,N,41,Off to the Isle of Wight for Emma's 30th.
2013/10/baker-53,2013-10-17T13:14:05Z,N,173,Practising my slides for the @WLD Partner Conference tomorrow http://www.whitelabeldating.com/blog/2013/10/the-2013-whitelabeldating-partner-conference-com-is-here/ #wld2013
2013/10/baker-57,2013-10-17T17:49:36Z,N,108,"Trailer for [The Grand Budapest Hotel](http://youtu.be/1Fg5iWmQjwk), Wes Anderson's new film. Looks fantastic!

http://youtu.be/1Fg5iWmQjwk"
2013/10/baker-58,2013-10-23T12:12:34Z,N,115,Enjoying [Ars Technica's OS X 10.9 definitive review](http://arstechnica.com/apple/2013/10/os-x-10-9) over lunch. Might struggle to finish reading it in one sitting.
2013/10/tweet-392989833066737664,2013-10-23T12:24:12Z,N,178,10 years ago today I was at Cesc’s debut in the League Cup. Turned out to be a decent player… MT @cesc4official http://twitter.com/cesc4official/status/392988200915849216/photo/1
2013/10/baker-59,2013-10-23T14:56:37Z,N,225,[Mail in Mavericks Changes the Gmail Equation](https://tidbits.com/article/14219). I never enjoyed battling Apple Mail's syncing problems with my two Google Apps accounts and found solace in [Mailplane](http://mailplaneapp.com)'s arms. Looks like I'll continue to do the same in OS X 10.9.
2013/10/tweet-393351525344759808,2013-10-24T12:21:26Z,N,243,Footnote: How the @Indpendent perfectly covered Prince George’s christening http://www.huffingtonpost.co.uk/2013/10/24/prince-george-christening_n_4154469.html?utm_hp_ref=tw http://i.huffpost.com/gen/1423834/thumbs/n-INDEPENDENT-large570.jpg?6
2013/10/tweet-394111259307945984,2013-10-26T14:40:21Z,N,57,"@Lucy__Hutchings Happy birthday, Lucy! Enjoy your night x"
2013/10/baker-61,2013-10-29T16:47:23Z,N,112,Flying to Dublin tomorrow morning for two days at #WebSummit 2013. See you there if you're one of the 10k going.
2013/11/baker-62,2013-11-06T13:27:57Z,N,99,Slick and potentially quite handy: [Knock](http://www.knocktounlock.com) lets you unlock your Mac by knocking twice on your iPhone.
2013/11/baker-64,2013-11-09T16:55:38Z,N,221,BT [spends £900m on Champions' League rights](http://www.bbc.co.uk/sport/0/football/24879138). As a customer who still rarely gets more than 2Mbit/s from their broadband I'm not best pleased. And I doubt participating football clubs' ticket prices will come down either.
2013/11/baker-65,2013-11-09T18:43:38Z,N,48,New article: [Monitoring my broadband connection](/2013/11/monitoring-my-broadband-connection).
2013/11/baker-67,2013-11-20T21:20:50Z,N,112,Have you experienced a major disaster? Help my good friend @losowsky [create a toolkit for crisis communications](http://bit.ly/1ibEEG6).
2013/11/tweet-406049841761222656,2013-11-28T13:20:00Z,N,134,. @boffbowsh on git tips and tricks in this month’s @globaldev tech talks. http://twitter.com/barryf/status/406049841761222656/photo/1
2013/12/tweet-410061017784524801,2013-12-09T14:58:59Z,N,118,First day in the shiny new @globalpersonals London office. http://twitter.com/barryf/status/410061017784524801/photo/1
2013/12/baker-71,2013-12-23T12:49:16Z,N,135,"Enjoying some Christmas downtime by getting SMS posting working on my site. I'm trying out [Twilio](http://twilio.com) as a simple gateway.

![SMS via Twilio](https://barryf.s3.amazonaws.com/sms.jpg)"
2013/12/baker-73,2013-12-23T15:35:12Z,N,128,"It's dark, cold and windy outside so time to shut the curtains and enjoy @somafm's Xmas Rocks radio http://somafm.com/xmasrocks/"
2013/12/baker-76,2013-12-30T15:17:34Z,N,114,"Trying out [Ryan Barrett](http://snarfed.org)'s [brid.gy](https://www.brid.gy) to send [webmentions](https://github.com/converspace/webmention/blob/master/README.md) back to my site from replies, RTs and favourites on Twitter."
2013/12/tweet-417676306151911424,2013-12-30T15:19:26Z,N,129,"Trying out @snarfed_org's https://www.brid.gy to send webmentions back to my site from replies, RTs + favourites http://bfr.st/76"
2014/01/baker-79,2014-01-21T14:51:28Z,N,272,"We've been trying out [Slack](https://slack.com) in the [globaldev](http://globaldev.co.uk) office. It's the best alternative to [Campfire](https://campfirenow.com) I've seen and is free for now (with an invite), but the standard post-beta pricing ($8/user/month) looks steep for our team of ~50 compared to our unlimited $99/month with Campfire."
2014/01/baker-80,2014-01-21T17:07:23Z,N,215,"[Ghost stations of the London Underground on the classic Tube map](http://usvsth3m.com/post/52135944891/ghost-stations-of-the-london-underground-on-the-classic)

I'd love to be able to jump on a tube here in Windsor and pootle along all the way to the Essex coast at Shoeburyness. A few stops in between though."
2014/01/tweet-429035243882815489,2014-01-30T23:35:47Z,N,153,Getting a few RTs tonight of an innocent tweet I posted in 2006 about Arsenal. Might be the first one on Twitter? https://twitter.com/barryf/status/27690
2014/02/tweet-431117145008001024,2014-02-05T17:28:31Z,N,71,"Browser, OS and screen resolutions for @gdsteam GOV-UK http://bfr.st/83"
2014/02/baker-84,2014-02-07T18:39:44Z,N,136,"Anything that encourages kids to code is worth backing. Where it all started for me:
 
    10 PRINT ""BARRY IS EXCELLENT""
    20 GOTO 10"
2014/02/tweet-431860968533291008,2014-02-07T18:44:13Z,N,133,"Anything that encourages kids to code is worth backing. Where it all started for me:

10 PRINT ""BARRY IS EXCELLENT""… http://bfr.st/84"
2014/03/tweet-439911996860149760,2014-03-01T23:56:07Z,N,145,"I just scored 9,240 in @ThreesGame! Addicted. Best game on iOS. http://threesgame.com http://twitter.com/barryf/status/439911996860149760/photo/1"
2014/03/tweet-444520420059148288,2014-03-14T17:08:21Z,N,83,I'm going to next week's Homebrew Website Club in London #indieweb http://bfr.st/90
2014/03/tweet-446608397556023296,2014-03-20T11:25:14Z,N,89,My notes from last night's London Homebrew Website Club meetup #indieweb http://bfr.st/91
2014/03/baker-92,2014-03-22T11:02:13Z,N,81,Wedding wine tasting today and thankfully being driven. Perk of getting married. 
2014/03/tweet-449233508226322432,2014-03-27T17:16:29Z,N,129,Twitter's new implementation of multiple photos and tags is a further step away from its simple 140-char origins http://bfr.st/93
2014/04/baker-97,2014-04-22T19:50:03Z,N,271,"Fun discovery yesterday: my car is 4G. 

I have a [Three](http://www.three.co.uk) SIM card for data from which it creates a wifi hotspot, displays live traffic updates, plays Spotify, etc. 

Driving along the M25 I notice a little '4G' icon appear. Sadly I was a little too busy driving to use it."
2014/05/tweet-463382289884643328,2014-05-05T18:18:41Z,N,132,Barbecue done and now fire from the chiminea. Happy bank holiday Monday. http://twitter.com/barryf/status/463382289884643328/photo/1
2014/05/baker-99,2014-05-12T17:11:18Z,N,69,Trying out [Twitter Analytics](https://analytics.twitter.com/) by tweeting a link to a post on my site.
2014/05/baker-100,2014-05-15T12:26:03Z,N,269,"Prompted by Dropbox's [announcement of webhooks](https://www.dropbox.com/developers/blog/90/announcing-dropbox-webhooks), yesterday, I resumed my semi-regular thoughts about powering this site using a combination of [Drafts](http://agiletortoise.com/drafts/) on iOS, Dropbox and Heroku, perhaps with tweets via Tweetbot using a callback chain. Might have a hack on that sometime."
2014/05/tweet-471270064311005184,2014-05-27T12:41:53Z,N,177,"Oh dear, @RackspaceUK. I would think the first way to “Get ahead of the game” in eCommerce is filtering “NoFirstname” http://twitter.com/barryf/status/471270064311005184/photo/1"
2014/06/baker-103,2014-06-04T13:32:35Z,N,133,"My [write-up of this year's UX London conference](http://globaldev.co.uk/2014/06/ux-london-products-people-and-platforms/) is now live on our [globaldev](http://globaldev.co.uk) team blog.

Also replicated as an [article](/articles/ux-london) on this site."
2014/06/tweet-480665143496687616,2014-06-22T10:54:35Z,N,207,"I do like the subtle, complementary use of animated GIFs in @guardian's Last Bites series http://www.theguardian.com/lifeandstyle/series/last-bites http://twitter.com/barryf/status/480665143496687616/photo/1"
2014/07/tweet-494013038593593344,2014-07-29T06:54:21Z,N,176,“A great thing to wrap your knozzles around”: language in old ad pitch for Sega sounds like Chris Morris http://twitter.com/bta_man/status/493862032140423168/photo/1 &lt; @bta_man
2014/08/baker-104,2014-08-25T18:11:34Z,N,137,"It's been a bit quiet from me online this month: I've been busy getting married and honeymooning. Exhilarated, exhausted, but very happy."
2014/08/baker-105,2014-08-26T14:57:48Z,N,91,[Product Hunt's Tinder for X](http://www.producthunt.com/e/tinder-for-x): a list of the many many apps that ape Tinder's swipe approach.
2014/08/tweet-505295714910736384,2014-08-29T10:07:41Z,N,86,@BenHobson Happy birthday! http://twitter.com/barryf/status/505295714910736384/photo/1
2014/08/tweet-505760839706497024,2014-08-30T16:55:55Z,N,85,@aaronpk I think I’ve broken Quill while learning about Micropub. It’s 504ing. Sorry!
2014/09/baker-106,2014-09-05T12:38:49Z,N,687,"Is there a name for when you tweet an image of some text, sometimes a short blog post, that wouldn't fit in a tweet, rather than link to it? e.g. (talking of needing new words...) 

<blockquote class=""twitter-tweet"" lang=""en""><p>Hey, English. We need words for the following please: <a href=""http://t.co/oZgd7va0cl"">pic.twitter.com/oZgd7va0cl</a></p>&mdash; David Schneider (@davidschneider) <a href=""https://twitter.com/davidschneider/status/507848267057876992"">September 5, 2014</a></blockquote>
<script async src=""//platform.twitter.com/widgets.js"" charset=""utf-8""></script>

On the Twitter website the image is then rendered inline but in other clients you just get a thumbnail/link."
2014/09/baker-109,2014-09-11T12:59:17Z,N,137,Just tried out a paper iPhone 6 Plus in my front pocket to see if it fits. Sadly far too big: it peeks out the top. http://ars.to/1lTKZy9
2014/09/tweet-516857354898661376,2014-09-30T07:49:30Z,N,223,@larrylou100 @BenHobson @jonnyhobbo Looks like Bess has been on the loose in Wiltshire http://www.mirror.co.uk/news/ampp3d/ghosts-wheres-most-haunted-place-4343977 http://twitter.com/barryf/status/516857354898661376/photo/1
2014/10/tweet-519934824136851456,2014-10-08T19:38:16Z,N,204,Listening to a recording of David Bowie narrating Peter and the Wolf. As good as it sounds. http://open.spotify.com/album/60i2lSdCpjiAFmYw3x5gAw http://twitter.com/barryf/status/519934824136851456/photo/1
2014/10/tweet-523476379908988929,2014-10-18T14:11:09Z,N,154,Enjoying a nice cup of tea after the #WLD2014 conference with this little @wld gingerbread man http://twitter.com/barryf/status/523476379908988929/photo/1
2014/11/tweet-529227358142619648,2014-11-03T11:03:29Z,N,71,We're hiring a ScrumMaster for the @globaldev team http://goo.gl/gwffFw
2014/11/tweet-532094286880583680,2014-11-11T08:55:38Z,N,145,"@grayhaze @stevesmith2609 MT @waxpancake: Too Many Cooks + Chiptune = http://youtu.be/tsWDwRmIHbc
/ TMC + Minecraft = http://youtu.be/IhRZDytgdNQ"
2014/11/baker-110,2014-11-14T18:56:49Z,N,175,Enjoyable course completed in London today and I'm technically now a [Certified&nbsp;Scrum&nbsp;Product&nbsp;Owner](https://www.scrumalliance.org/community/profile/bfrost4) (CSPO). Time to terrify my teams with my shiny new knowledge.
2014/11/baker-111,2014-11-28T18:24:44Z,N,234,Watching [this Jekyll pull request](https://github.com/jekyll/jekyll/pull/3116) for incremental regeneration of Jekyll sites with huge interest. The prospect of selective rebuilds makes using Jekyll much more attractive for sites with large numbers of small posts (like this one).
2014/12/tweet-540884542786400256,2014-12-05T15:04:58Z,N,82,@boffbowsh AMAZEBALLS! http://twitter.com/barryf/status/540884542786400256/photo/1
2014/12/tweet-540891933749813248,2014-12-05T15:34:20Z,N,94,@MollyMcMiracles I think you meant to mention someone else in your tweet (a different Barry F)
2014/12/tweet-543814164113014784,2014-12-13T17:06:14Z,N,146,"At The Emirates with Laura, her treat. It’s her first football match for 20-odd years. http://twitter.com/barryf/status/543814164113014784/photo/1"
2015/01/it-s-the-last-day-of,2015-01-04T20:05:16Z,N,132,It's the last day of my two-week Christmas break. Plenty of tasks ticked off the list; now it's time to get stuck into 2015 at work.
2015/01/new-feeling-old-milestone-arsenal-have,2015-01-27T11:34:07Z,N,116,"New ""feeling old"" milestone: Arsenal have signed [Krystian Bielik](http://www.arsenal.com/first-team/players/krystian-bielik) who was born in 1998 -- after I started university."
2015/01/if-it-wasn-t-irritating-enough,2015-01-30T09:30:04Z,N,171,"If it wasn't irritating enough dealing with Ticketmaster's website, its CAPTCHA is now trolling me.

https://barryf.s3-eu-west-1.amazonaws.com/ticketmaster_trolololol.png"
2015/02/announcing-micropublish-https-micropublish-herokuapp-com,2015-02-13T13:26:46Z,N,189,"Announcing [Micropublish](https://micropublish.herokuapp.com/about): the tool I use to post on my personal #indieweb site via #micropub 

(I've been using it for a couple of weeks now to post everything on here, including this post)."
2015/02/writing-tests-is-great-but-a,2015-02-17T09:35:33Z,N,248,"> Writing tests is great, but a static type system is like a built-in test suite that catches all the ridiculous, pointless problems you waste time on every day, so that you can focus on the interesting ones.

-- [Tom Stuart](http://codon.com) on [static typing in Ruby](http://codon.com/consider-static-typing)"
2015/03/in-boston-for-some-work-http,2015-03-18T20:33:48Z,N,187,In Boston for some [work](http://whitelabeldating.com) and [hacking](http://indiewebcamp.com/2015/Cambridge) stateside. It's absolutely flipping freezing outside but so far enjoying my few days here. Already eaten my week's worth of calories so Doing It Right.
2015/04/twitter-adds-rt-with-quote-functionality,2015-04-07T12:45:57Z,N,464,"Twitter adds RT-with-quote functionality via progressive enhancement: it uses a link to the original tweet. https://twitter.com/twitter/status/585225218093932544

(Well, that's the theory. Let's see if this actually works when syndicated to Twitter).

So I now have a new feature to add here: take tweet URLs and expand them below my own note. Even better, make this indieweb-friendly and take a summary when doing a ""quote-with-repost"" of someone's indieweb post."
2015/05/superb-belle-and-sebastian-gig-tonight,2015-05-12T22:54:22Z,N,172,"Superb Belle and Sebastian gig tonight. A few oldies: highlight was audience on stage to Boy With The Arab Strap:

https://twitter.com/NeilBennett/status/598250453198118912"
2015/05/oh-facebook-that-algorithm-needs-a,2015-05-16T16:56:34Z,N,88,"Oh Facebook! That algorithm needs a *lot* more work...

![Which sports team do you like?](https://barryf.s3.amazonaws.com/facebook-spurs.png)"
2015/06/handy-localised-events-calendar-by-twitter,2015-06-16T15:27:59Z,N,82,Handy localised events calendar by Twitter: https://twitter.twimg.com/ownthemoment
2015/06/signing-in-to-medium-by-email,2015-06-30T12:05:46Z,N,262,"[Signing in to Medium by email](https://medium.com/the-story/signing-in-to-medium-by-email-aacc21134fcd)

Medium have adopted the passwordless login pattern: they will send you a one-time expiring link via email instead of requiring a password. Twitter and Facebook authentication remains and an SMS option is apparently in development."
2015/07/commentary-from-today-s-thoroughly-enjoyable,2015-07-02T19:48:40Z,N,157,Commentary from today's thoroughly enjoyable Hack Day by @thesambarnes (with gems from his enviable gif folder) http://globaldev.co.uk/2015/07/hack-day-live/
2015/07/slack-https-slack-com-has-introduced,2015-07-09T16:31:07Z,N,291,"[Slack](https://slack.com) has introduced [reactions](http://slackhq.com/post/123561085920/reactions): a method of responding to a message with emoji. 

I like it. It's a more nuanced like/favourite to allow for dislikes 👎, thanks 👏 or inevitably 💩. I can see this idea spreading to other services very quickly. I wonder how it might work in the #indieweb world?"
2015/09/vertical-centering-witchcraft-still-nostalgic-for,2015-09-01T11:16:05Z,N,196,"Vertical centering witchcraft. Still nostalgic for a good old...

    <table height=""100%""><tr><td>Vertically aligned</td></tr></table>

https://twitter.com/jaffathecake/status/638650280528244736"
2016/01/suede-album-launch-at-hmv-oxford,2016-01-22T21:21:11Z,N,143,"Suede album launch at HMV Oxford St tonight. Brett is just magnificent close up. 

https://twitter.com/hmv363OxStreet/status/690445043644108801"
2016/01/i-m-excited-to-read-about,2016-01-31T18:27:48Z,N,134,"I'm excited to read about [Manton Reece](http://www.manton.org/)'s upcoming microblog platform, especially as he seems keen to [support Micropub and Webmention](http://www.manton.org/2016/01/micropub-and-the-quiet-indiewebcamp-revolution.html)."
2016/07/while-i-m-a-staunch-bbc,2016-07-19T12:21:08Z,N,284,"While I'm a staunch BBC supporter/defender, I can't see the need or fit for its new BBC+ portal-style app. Surely it only invites further criticism from commercial rivals? http://www.bbc.co.uk/mediacentre/latestnews/2016/bbc-plus-app<a href=""https://www.brid.gy/publish/twitter""></a>"
2016/08/prompted-by-calum-https-calumryan-com,2016-08-10T21:18:52Z,N,239,"Prompted by [Calum](https://calumryan.com) publishing an [indie event page](https://calumryan.com/event/hwc-20160824/) for the next Homebrew Website Club meeting in London, I've modified this site to support sending [RSVP](https://indieweb.org/rsvp)s. 

Nice way of prioritising features: wait until you have a use-case before building."
2016/10/micropub-test-of-creating-a-basic,2016-10-03T19:08:25Z,N,41,Micropub test of creating a basic h-entry
2016/10/micropub-test-of-creating-an-h,2016-10-03T19:25:52Z,N,107,"Micropub test of creating an h-entry with categories. This post should have two categories, test1 and test2"
2016/10/p-this-post-has-b-bold,2016-10-03T19:39:00Z,N,56,<p>This post has <b>bold</b> and <i>italic</i> text.</p>
2016/10/the-first-venntrodev-devops-friday-has,2016-10-21T08:46:28Z,N,135,"The first @venntrodev ""DevOps Friday"" has begun: a day of improving the @wld platform. I'm learning about #golang to fix a broken tool."
2016/11/a-friend-looking-for-a-project,2016-11-04T10:13:02Z,N,140,A friend looking for a project mgmt job for 4 months asked for help from friends on Facebook. Within a week has 3 job offers. _Recruitment_.
2016/11/til-lucky-barry-https-www-urbandictionary,2016-11-25T16:12:47Z,N,297,"> Performed by only the most skilled, a Lucky Barry is a crap where bog roll is only required for posterity. In essence it's the perfect crap with no mess. Handy when attempting to take a crap in the woods. ""There was no bog roll in the shitter, thank God it was a Lucky Barry.""

[TIL: Lucky Barry](https://www.urbandictionary.com/define.php?term=Lucky+Barry)."
2016/12/my-2017-01-01-indieweb-commitment,2016-12-14T20:07:14Z,N,223,"My [2017-01-01 IndieWeb commitment](https://indieweb.org/2017-01-01-commitments#Barry_Frost) is to complete my rewrite of [Micropublish](https://micropublish.net) to support Micropub updates, deletes and undeletes. My site's Micropub endpoint supports these methods so I now need to bring my client up to date."
2017/01/webmention-rec,2017-01-16T15:17:40Z,N,163,"Really happy to see that #webmention is now a W3C recommendation. 👏 @aaronpk and all @indiewebcamp implementers.

https://twitter.com/w3c/status/819624363645353985"
2017/03/samuel,2017-03-10T08:58:42Z,N,142,"Samuel's story: a heartwarming, eye-moistening video, no matter who you support. 

https://twitter.com/MU_Foundation/status/830041736122626048"
2017/04/pollen,2017-04-12T10:07:57Z,N,155,"Handy pollen/hayfever status web app that I'll surely be using daily this summer:

https://pollen.fyi

https://twitter.com/almonk/status/852092612618092545"
2017/04/just-drank-tea,2017-04-29T12:21:26+01:00,N,0,
2017/05/site-changes,2017-05-28T18:13:44Z,N,286,"A couple of recent site/Transformative changes: 

1. I'm now using [Acquiescence](https://github.com/barryf/acquiescence), my new IndieAuth server for auth/tokens, on this domain.
2. You can subscribe to a new [JSON feed](https://barryfrost.com/feed.json) for homepage content. The RSS feed hasn't gone away but I thought I'd also support the new [JSON Feed format](https://jsonfeed.org)."
2017/06/i-love-sebastiaan-andeweg-https-seblog,2017-06-19T20:53:38Z,N,207,I love [Sebastiaan Andeweg](https://seblog.nl/)'s new [day page](https://seblog.nl/2017/06/19) with an icon summary of his activity that day. And his [Reacji](https://seblog.nl/2017/03/12/6/day-45-receiving-reacji) facepiles are also very nice. 😍 Plenty of inspiration for some changes I want to make to Transformative.
2017/07/bbcpay,2017-07-19T17:27:03Z,N,154,"40p a day for all this! A world without the BBC (and its presenters) would be a worse one. #bbcpay

https://twitter.com/bbcpress/status/887718771280023552"
2017/08/multi-room-music-from-amazon-echo,2017-08-29T14:51:48Z,N,165,"Multi-room music from Amazon Echo now enabled. Handy. I've got two Echoes and now considering adding a Dot.

https://twitter.com/amazonecho/status/902539401577865216"
2017/08/next-meeting,2017-08-30T12:37:02Z,N,168,"Manager tip: I'm finding [Next Meeting](https://itunes.apple.com/us/app/next-meeting-quickly-see-it-in-your-menu-bar/id1017470484), a simple macOS menubar app, very useful to keep me on top of 1:1s, catch-ups and other events in my work calendar.

![Next Meeting](https://barryf.s3.amazonaws.com/next-meeting.png)"
2017/11/just,2017-11-24T16:05:42Z,N,223,"I hadn't read @brad_frost's (cool name) [article](http://bradfrost.com/blog/post/just/) about thoughtless use of the word ""just"" before seeing @adactio's [tweet](https://twitter.com/adactio/status/934078557302685696).

I'm sure I've used ""just"" in copy in that context before and I'll strive to avoid doing so in future."
2017/12/after-seven-years-using-the-same,2017-12-19T10:05:30Z,N,152,"After seven years using the same profile photo/avatar, I thought it was probably about time I used something a bit more recent. Before and after...

![me](https://barryf.s3.amazonaws.com/avatars.jpg)"
2017/12/somafm,2017-12-19T10:09:30Z,N,100,"Once [again](https://barryfrost.com/2013/12/tweet-415143564767928320), the only festive music worth listening to is [Soma FM](http://somafm.com)'s brilliant [Christmas Rocks!](http://somafm.com/xmasrocks/songhistory.html) radio."
2018/01/vw-ruins,2018-01-08T15:49:49Z,N,192,"The fascinating story behind the ruins we have in Virginia Water in this long thread of tweets: 

https://twitter.com/PaulMMCooper/status/950033589374156800

(@PaulMMCooper - you need a blog!)"
2018/01/jekyll-s-default-minima-theme-now,2018-01-22T22:35:46Z,N,218,"🎉 Jekyll’s default Minima theme now has #microformats baked in to its templates. Really pleased to see my pull request merged in the latest gem release. #indieweb

https://twitter.com/jekyllrb/status/955551155031101440"
2018/04/aws,2018-04-17T18:32:18Z,N,264,"I finally got round to trying some AWS basics:

- Route 53 for DNS of barryf.co.uk
- S3 for static web hosting
- CloudFront in front of S3 for HTTP/2 and CDN 
- SSL certificate via ACM

Hate the UI but it was reassuringly easy. Next to try: Lambda and API Gateway."
2018/07/honest-work,2018-07-05T12:57:45Z,N,221,"I love @StevieBuckley’s smart new @Honest_Work job board: all adverts are direct from employers, transparent on salary and clearly indicate the level of remote working accepted. A breath of fresh air. https://honest.work/"
2018/10/motors,2018-10-19T14:52:45Z,N,162,"Big news at work today. I’m looking forward to working with my new Motors colleagues when the deal closes.

https://twitter.com/Gumtree/status/1053241801266606080"
2019/10/1-first-language-bbc-basic-2,2019-10-06T11:16:59Z,N,244,"1. First language: BBC BASIC
2. Had difficulties: Assembly
3. Most used: CFML (ColdFusion) and JavaScript
4. Totally hate: ASP/VBScript
5. Loved: HTML forever!
6. For beginners: Ruby

via https://twitter.com/boffbowsh/status/1180268413710749696"
2020/02/serverless-meetup,2020-02-15T17:24:45Z,N,316,"I went to @GrowableMeetups' Serverless talks at @CazooUK this week. I find real-world examples much more compelling than theory, and @bob_the_mighty's and Scott's stories of rapid scalability and what can be built with small teams were very impressive.

https://twitter.com/GrowableMeetups/status/1227709855655436288"
2020/07/arctic,2020-07-17T15:33:27Z,N,237,"Some code I've contributed to open-source projects is now being stored in vaults in the Arctic, thanks to [GitHub's Archive Programme](https://github.blog/2020-07-16-github-archive-program-the-journey-of-the-worlds-open-source-code-to-the-arctic/). Very cool (excuse the pun). 

![GitHub badge showing I contributed to projects in the Archive Programme](https://barryf.s3.eu-west-1.amazonaws.com/arctic.png)"
2020/11/i-ve-been-using-tailwindcss-for,2020-11-18T20:57:49Z,N,277,"I've been using @tailwindcss for a few weeks and surprised myself by how much it clicked. Like many, I thought it was heresy, but building with it is fast and addictive. Happy to see dark-mode support and more in 2.0.

https://twitter.com/tailwindcss/status/1329149890597957633"
2020/12/six-years-after-i-tried-it,2020-12-02T12:08:50Z,N,228,"Six years after I tried it and [initially questioned the pricing](https://barryfrost.com/2014/01/baker-79), I guess Slack knew what they were doing. Not bad for a spin-off from a MMORPG. https://www.theguardian.com/technology/2020/dec/01/salesforce-to-buy-slack-microsoft"
2021/02/i-really-like-the-life-happens,2021-02-18T17:45:42Z,N,267,"I really like the [Life Happens](https://indieweb.org/life_happens) page in the IndieWeb wiki that Ana highlights. Such a great message to acknowledge that other things happen in people's lives that can prevent them participating in a community.

https://twitter.com/ohhelloana/status/1362393194772762624"
2021/03/ctocraftcon,2021-03-02T13:49:25Z,N,271,"📢 I'm excited to share that I'm one of the speakers at this month's #CTOCraftCon. I'll be virtually joining some seriously amazing CTOs talking about Delivery. Details and tickets at https://conference.ctocraft.com

https://twitter.com/CTOCraft/status/1366711443278753795"
2021/04/matt-was-kind-enough-to-spend,2021-04-08T19:43:23.296Z,N,328,"Matt was kind enough to spend a couple of hours with me this afternoon over video, quickly understanding our pain points and giving me plenty of ideas and insights. If you're looking for someone to advise on product, technology or design you should definitely get in touch.

https://twitter.com/genmon/status/1372504548988874760"
2021/04/8r223d8jfl6,2021-04-29T15:43:43.107Z,N,275,I've recently switched to [Mimestream](http://mimestream.com/) for email on my Macs. It's the slickest macOS Gmail experience I've found. It's unapologetically tied to Gmail (including optional keyboard shortcuts) so you're not battling with IMAP. It's currently free but I'll happily pay for the 1.0.
2021/05/weight,2021-05-10T20:18:46.328Z,N,217,"This morning I weighed 80.9kg marking two health milestones: 

1. 2st weight-loss since starting the diet in January, and 
2. entering the ""healthy"" bracket on the NHS BMI page. 

Marking this as private, but woo me!"
2021/08/i-ve-updated-my-indieweb-wiki,2021-08-30T16:28:25.944Z,N,80,I've updated my [IndieWeb wiki profile page](https://indieweb.org/User:Barryfrost.com) to better reflect my recent projects.
2021/10/testing-ia-writer,2021-10-26T12:36:45.829Z,N,17,Testing iA Writer
2021/11/first-gig-silver-sun-last-gig,2021-11-17T21:29:08.056Z,N,295,"- First gig: Silver Sun.
- Last gig: Arab Strap.
- Best gig: Gene.
- Worst: Spearmint.
- Loudest: Mogwai.
- Seen most: Shed Seven.
- Most surprising: Chas & Dave.
- Next concert: Martin Rossiter.
- Wish I could have seen: Nick Drake.
https://twitter.com/mattpointblank/status/1461080227224948740"
2022/05/after-the-poor-comms-from-heroku,2022-05-07T13:45:44.695Z,N,286,"After the poor comms from @heroku over their recent breach I'm trying out @render to host a Ruby app I've run there for years. I'll be sad to shut down my account, but I'd rather use a platform that's not been left to wither.

https://twitter.com/GergelyOrosz/status/1522549455245004802"
2022/06/while-i-m-sad-we-lost,2022-06-09T18:10:22.705Z,N,191,"While I'm sad we lost Alex from @privitarglobal engineering, I'm excited to read all about his sabbatical and what he does next.

https://twitter.com/sabbatical_eng/status/1534926576260890625"
2022/11/testing-123,2022-11-06T22:17:49.762Z,N,11,Testing 123
2023/02/twitter,2023-02-02T10:04:51.651Z,N,247,"First they took away my favourite app (Tweetbot), next week they'll prevent me from syndicating notes from my own site using a free API. 

This new direction for Twitter makes me very sad.

https://twitter.com/TwitterDev/status/1621026986784337922"
2023/03/enjoying-britpopple-a-fun-new-heardle,2023-03-30T10:23:24.339Z,N,178,"Enjoying Britpopple: a fun, new #heardle clone for nineties indie dinosaurs like me. I'm currently on a one-second streak.

Britpopple 266

🔊🟩⬜️⬜️⬜️⬜️⬜️

https://britpopple.glitch.me/"
2023/04/homepage,2023-04-15T17:17:49.929Z,N,140,"A small change to my homepage: I've moved my [weeknotes](https://barryfrost.com/categories/weeknotes) into their own section, freeing up the ""Recently"" list to show non-weeknotes content."
2023/05/using-phil-nash-https-philna-sh,2023-05-17T11:11:51.814Z,N,180,"Using Phil Nash ( https://philna.sh )'s guide, I've added support for posting to Bluesky from my website.

https://philna.sh/blog/2023/05/01/build-bots-on-bluesky-with-typescript/"
2023/11/the-threads-team-is-exploring-a,2023-11-02T21:46:46.636Z,N,285,"> [The Threads team is exploring a content publishing API](https://www.threads.net/@0xjessel/post/CzJoc1GRQpC)

I've [replied](https://barryfrost.com/2023/11/it-would-be-great-if-threads) to encourage them to consider adopting #micropub rather than defining their own unique API. They've committed to support ActivityPub so if they're serious about the open web then Micropub should also be considered."
2025/02/micropublish-2-10-0,2025-02-09T14:42:03.893Z,N,221,I've [released a new minor version](https://github.com/barryf/micropublish/releases/tag/v2.10.0) of #micropublish that supports the <s>new</s>2022 IndieAuth spec change to support [Server Metadata](https://indieauth.spec.indieweb.org/#indieauth-server-metadata) for endpoint discovery as an alternative to the existing (legacy) headers/body methods.
2025/03/my-favourite-band-gene-are-reuniting,2025-03-20T18:27:01.065Z,N,133,"My favourite band, Gene, are [reuniting](https://www.nme.com/news/music/gene-to-reunite-for-first-live-show-in-over-20-years-3847624) for their first gig in 21 years 🎉 I was at their [last one in... 2004](https://www.last.fm/event/94616+Gene+at+Astoria+on+16+December+2004). See you in [Hammersmith](https://www.geneofficial.com/event/gene-live-in-london/) 🤩"
2025/05/openai-buys-windsurf-for-3b-https,2025-05-06T21:09:51.751Z,N,142,"[OpenAI buys Windsurf for $3B](https://www.reuters.com/business/openai-agrees-buy-windsurf-about-3-billion-bloomberg-news-reports-2025-05-06/). Not bad for ""just"" a VSCode fork. As an early Windsurf paying customer, I'm curious but wary of what comes next."
2025/07/i-m-off-to-wembley-later,2025-07-25T10:50:04.663Z,N,196,"I’m off to Wembley later to see Oasis 🥳 which completes the Britpop Big Four of gigs within the last two years: Blur (Wembley in 2023), Suede (Ally Pally in 2024), Pulp (O2 in June) and now Oasis."
2000/10/only-week-to-go-on-friday-20th-at,2000-10-14T00:00:00Z,?,738,"Only a week to go! On Friday 20th at 11:15am Sue and I will leave England for at least a year to travel, live, work and drink beer all around the world. Our first stop is Bangkok for a night's stop-over and then we'll leave the ladyboys behind for the 48 million sheep of New Zealand.  We plan for the Land of the Long White Cloud to be our home for about nine months. Then it's Australia, Fiji, Honolulu, Los Angeles and then back to London.

We're going with the nice people from BUNAC who sorted out our visas and everything. We're also going with forty other travelly types who could be axe murdererers but will most probably be a good laugh.  Anyway, this should be the start of many (far more interesting) entries so come back soon!"
2000/10/last-day-at-work-today,2000-10-18T00:00:00Z,?,323,"Last day at work today.  Seems weird because I've spent nine years working here on and off and have seen so many people leave and now it's my turn.  We're off to the Griffin in Danbury after work and we'll doubtless have a few beers to celebrate finally getting rid of me.  So, cheers to everyone at RDIU and keep in touch!"
2000/10/writing-this-in-nz,2000-10-25T00:00:00Z,?,2650,"(Writing this in NZ....) Arrived in Bangkok in the early hours - 26 degrees C! Had a sleep and then went on a cruise down the Klong river. Mixture of huge houses, shack houses all next door to each other. Highlight was being given bread to throw to the enormous fishes (could have been Carp?) that swam by the riverboat. 

Went to a ""traditional"" Thai restaurant in the evening where girls did some sort of fingernail dance. Of course most were ladyboys and, predictably, Sue won our game of ""guess the bloke"".  Pat Pong after - the main bar/red light district. I thought I'd have to protect Sue but it was more the other way round as girls kept trying to pull me into their shows, pointing at diagrams of the things they'd do and pinching my arse. How rude. We went into one bar, however, where there was a Thai boxing show. It was tamed down for the tourists (dodgy old men) and, amazingly, when the fights were over, they put up poles for the bikini-clad girls in the bars to dance around. Sue and the others later failed to find a male bar: the only ones on offer unappetisingly promised ""man-on-man"". 

The worst thing about it all was that all the women had numbers on them - even the waitresses - so that the customers could literally choose who they wanted. Much like a takeaway, really. We'd gone out with a few other BUNACers and we took a couple of the local three-wheeler ""tuc-tuc"" taxis back to the hotel - us in one and the others in another - and the drivers had a race between us, wheelying away from traffic lights. Still alive.

Went on a guided tour round the Buddhist temples and saw the gold-plated Reclining Buddha the next morning, despite our huge hangovers, worsened further by the heat. Even our Thai guide, ""Adun"" was moaning. Went on to the airport later to fly on to Auckland... or so we thought. Our BA flight was late and so, because we'd miss our connection in Sydney, we were put up in a swish hotel, all expenses paid, with a huge swimming pool, gyms etc. Sue was very impressed that they had a man to press the lift button for you. Went on the piss again after a night swim and played a few games of snooker. Barry won. Went on to a karaoke bar in the hotel where we were conned into being the stars of the show. When we left at 2.30am, we were the only ones left and had sung about twenty songs. Sue apparantly thinks that I wouldn't give the microphone up and was so keen that I even sang some Thai songs. Remarkably they thought I was good.

Finally left Bangkok and had to fly to Hong Kong. This sounded great until we realised we'd have to stay in the departure bit for six hours without any Hong Kong Dollars."
2000/10/got-to-new-zealand-23-hours-after,2000-10-25T01:00:00Z,?,790,"Got to New Zealand 23 hours after leaving our Bangkok hotel and were whisked away by the NZ organisers to a volcano overlooking Auckland. Knackered. Were forced out to drink ourselves awake (this was apparantly the best cure for jet lag) in a backpackers bar. Sue came second (marginally...) in a pool competition and amazed the Kiwi regulars.

Had our orientation today and are making our plans for the rest of our stay in NZ. Different people are going off doing different things and there's lots to sort out. We've really got on with everyone and we'll probably get a house in Ponsonby - to the west of Auckland - with a few others. It's a fantastic city and the Kiwis are really friendly. The only problem are the bloody hills - our youth hostel's right at the top of a 45 degree road!"
2000/10/fifth-day-in-nz-and-everythings-less,2000-10-28T00:00:00Z,?,1999,"Fifth day in NZ and everything's less crazy. Jet lag's getting better (although I do keep falling asleep at the pub) and we've started to explore Auckland. It's a fantastic city, lots of pubs, bars, cafes, shops and things to do. The Kiwis are really friendly and helpful and we're really enjoying ourselves.

Went to the Sky Tower on Thursday, the fourth largest towery thing in the world, apparantly. Was, indeed, quite big and the views were amazing all over Auckland. Had a few beers up their, sat around on the Sky Deck (the top bit) and lie in the sun watching the boats in the harbour.

Yesterday, however, six of us (Stu, Daniel, Helen, Jo, Sue and me) went househunting but not much luck, so we came back today and found the most amazing three-storey house really close to the city. It's fully furnished (very rare for out here), washing machine, tumble dryer, dishwasher, microwave, satellite, leather sofas, two bathrooms, balconies with a sea view, ""vibrasauna"" (God only knows). We haven't got a definite ""yes"" - the estate agent needs to confirm with the landlord that he doesn't mind six scummy travellers... - so we're crossing all our fingers.

It's really sad at the moment: half the BUNAC group are buggering off down south and a few good friends are leaving. Seems like we've been together for ages because they've been constant throughout the last week and a day. Sue and me are going to book our places on the Kiwi Experience bus for about March next year and tour around the South Island. You get to stop off at all the best places, swim, mess about, explore with these Kiwi tour guides.

Sue and I are off to Davenport on the ferry tomorrow and then we'll take it easy - we've both got job acency interviews on Monday. It's going to be a shame to have to ""end"" our holiday and work but, despite the fantastic exchange rate, we're spending money fast. Need dollar!

And we keep getting freaked out thinking about people in the UK standing upside down. Just doesn't seem right."
2000/10/its-d-day-today,2000-10-30T00:00:00Z,?,456,"It's D-day today. Sue and I have both got interviews with job agencies and we also find out whether we've ""won"" our dream house. I'm actually far more nervous about the latter seeing us the other group of BUNACers who'd be waiting have been gasumped - the estate agents informed them that someone else had moved in! Which is nice. 

I'm off to Enterprise in an hour who will hopefully set me up with some IT work and Sue's going to Select. Fingers crossed."
2000/10/rather-predictably-we-didnt-get-dream,2000-10-31T00:00:00Z,?,755,"Rather predictably, we didn't get the dream house. To quote the landlord, ""I'd rather wait for a few more applicants before I make up my mind."" Which translates into, ""I don't want scummy British backpackers dirtying up my 'funky' house. I wouldn't rent to you lot if you were the last $500-paying tenants on the face of the Earth."" Back to square one, then. Actually, we're going back today to put a final, $600 offer on the table to tempt him so maybe maybe.

Had my Select job agency interview today which was easy. Sadly, they only had telesales to offer me so I guess I'll have to ring up and irritate some Kiwis! More promising is a phone call I had from Enterprise who had an interested client for me to meet. More (hopefully successful) news soon."
2000/11/after-even-more-wrangling-with,2000-11-03T00:00:00Z,?,977,"After even more wrangling with reluctant landlords, we've at last found a house. It's actually a big house converted into two flats in ""fashionable"" Ponsonby. I'm upstairs with Sue, Helen and Joanna; downstairs is Stu, Daniel and Rich: somehow I've been relegated to the girly floor. It's unfurnished so we're going to spend this afternoon trawling the second-hand furniture shops, renting TVs and things.

Stu and Daniel have now bought a car. It's this big silver brick with acid smiley faces on the windows, automatic and can just about squeeze four of us in the back. Sadly, the girls have already named it ""Bertha"". Oh dear.

Had more job agency interviews: went to Duncan Ryan who seem to have a few irons in the fire for me but, as yet, I've not had any definite offers. Don't want to say too much but I should know more by Tuesday. Sue's starting the telesales next week and I'm quite tempted to join her, Stu and Helen so I can start earning something to pay the rent!"
2000/11/were-now-settling-into-new-house,2000-11-08T00:00:00Z,?,963,"We're now settling into the new house. It's a bit sparse - just mattresses and the innards of rucksacs everwhere - but it's starting to feel like home. NZ rented houses seem to be pretty much all non-furnished and, because we're off backpacking next year, there's not too much point in buying things we can't take with us. Nevertheless, we're renting a TV and sampled our first night of kiwi TV last night. Sadly, this consisted of Ainsley Harriot, Emmerdale, Corrie and Eastenders. Oh dear. 

In the absence of anything decent Sue and I started swallowed our pride and sold our sole to the telesales devil on Monday. Much as I'd expected it consists of bullying old people into buying something they've already filled in a coupon saying they don't want. Worse, we've got a target of two ""sales"" an hour despite the fact that it's nothing to do with your own salesperson abilities and more to do with how stupid people are! Please job god, find us something soon!"
2000/11/things-are-starting-to-take-shape,2000-11-10T00:00:00Z,?,1095,"Things are starting to take shape. Completed my first week of Telesales hell, found 0800 CURRIES whose curries are quite clearly worth living for, adopted a tortoise-shell kitten who is a blatant attention whore and have bought funky new trousers. The NZ Dollar is seriously crap at the moment: the national average wage is about £10,000 and because the pound is so strong, we're like virtual kings out here. Kiwis seem to get very excited when we walk into shops and even over-priced jeans are no object to my might currency. Wuhahaha.

Sue's playing receptionist today and may well have won herself a fulltime job - ""sweet as"", as the locals say. I'm sadly having less luck after learning that all the skilled IT people have moved to Australia/UK simply because there are so few IT jobs here. It doesn't help when employment agencies say, ""ColdFusion web developer? Wow, they're crying out for you guys in London, aren't they?"" Bastards. Back to the telesales next week and a couple of days of ""distribution"" which entails packaging T-shirts and posters.

Hope everything's ""choice"" back home."
2000/11/sorry-i-havent-written-in-while-but,2000-11-16T00:00:00Z,?,984,"Sorry I haven't written in a while but, since I left you, the job situation's sorted. I start at ""Tempforce"" tomorrow doing databases. It's not the web work I was looking for but they've promised to find something more exciting when my mini-project's up. Also encouraging is a few design companies emailing me to say that they'd like to look at me in the new year. Sue's muscled her way in to a receptionist job working for Kiwi Dairies, I think. Money at last!

We went to Waiheke Island on Sunday, a titchy island just off Auckland. We paddled, ate fish and chips, waited for buses and drank beer while watching the Lewis v Tua fight. The poor Kiwis got ever so excited about their little fighter, neglecting to notice that he didn't land a punch and was largely crap. Still, at least the All Blacks beat the French.

Going on a skydiving weekend tomorrow evening. I am shit scared of heights. You may very well never hear from me again. If I don't see you again, have good lives..."
2000/11/had-excellent-weekend-without-even,2000-11-22T00:00:00Z,?,1708,"Had an excellent weekend without even stepping into (and out of) a plane. Because of the weather we had to abandon any hope of skydiving, nevertheless, we instead went jet-boating up the rapids on a river at Taupo, went paddling in hot springs and saw the exploding mud pools and geysers of Rotorua and then went on to go lugeing. The last was by far the best: a gondola takes you to the top of a big hill onto which has been carved little roads on which you ride a buggy which freewheels all the way down. It's a big like tobogganing but not so cold. The best fun was zooming round the corners, braking late and overtaking everyone. Again again!

Our house went with some other BUNACers and Fringe Ben (who, sadly, actually has a smaller fringe than me...), driving hire cars down on Friday night. We went to the Holy Cow on Friday which is the main bar/club of the town. I don't think New Zealanders really get irony when it comes to cheese and it was great to watch the men ""bump and grind"", their faces contorted by concentrating so hard. To Five! Helen's finally got her own back on Stu who, since arriving in Auckland, has been relentless in taking the mickey out of her Welshness, by latching on to the fact that his prized new suede shoes make him look like a teddy boy.

Went out for my birthday last night to the Mexican Cafe (the Kiwis love naming things exactly as they are). Working today, though, so I couldn't maintain my tradition of severe Birthday memory loss. Sue bought my the Arsenal Home shirt and things and the rest of the house got me a Truth or Dare Jenga. Thanks a lot to everyone for your cards/emails/text messages and especially to those who've got me presents!

Back to work..."
2000/11/had-my-first-full-week-at-executive,2000-11-28T00:00:00Z,?,1422,"Had my first full week at Executive Taskforce and it's going well. The work's starting to build up and I've been given a few mini projects to complete which suggests they want me to stay longer. I'm still hoping to get some sort of website work after Christmas, but this'll pay the rent in the mean time.

Had another fantastic weekend: Sue took me to Rangitoto Island on Saturday for my birthday ""outing"". It's a dormant volcano on the other side of the harbour and the island's made entirely of lava with vegetation built up on top. We took the ferry there, rode halfway up on a ""safari bus"" and then walked up to the summit crater. It was very ""Gorillas in the Mist"" because the clouds were so low and it had started raining. When we got to the summit we were actually in the cloud and you could barely see anything but, eerily quickly, the clouds disappeared and the harbour gradually appeared. Amazing. Before that we'd had lunch at the Harbour-side Restaurant - will definitely return for some more seafood.

Things are starting to get a bit tetchy in the house. Sue's getting narked at things like the frying pan disappearing into the downstairs flat, Richard's pissed off he hasn't got a job, Stu and Helen have taken their hate-hate bitchy sessions too far, Dan's got an ear infection and Joanna's got scabies from her bed! Must stop taking the piss but it's hilarious given that she's such a clean and tidy girl!"
2000/11/saw-my-first-premiership-football-last,2000-11-30T00:00:00Z,?,847,"Saw my first Premiership football last night: missing seeing football in the papers and on TV every day, even if Arsenal are doing crap at the moment. Was at the Cavalier, our nearest pub which is a ten minute walk away. We're bang in the middle of cafe and restaurant land but in the arse end of nowhere as far as bars and pubs are concerned. Can't really complain, though, because Ponsonby's quite a funky place to live and there's an off licence at the bottom of the road.

Might be going canyoning or trying for a skydive next weekend; this weekend's earmarked for lying about on the beach and sleeping. So knackered at the moment - am getting up at 6.30 every morning to start work at 8.30 and then staying up late - and could do with a major lie-in. Sue's champing at the bit to go exploring another island but I could do with a weekend off."
2000/12/new-zealands-such-great-place-with,2000-12-04T00:00:00Z,?,1015,"New Zealand's such a great place with lots of things to see and do but it's easy to forget that the population's only about three million people and so things aren't quite on the same scale as back home. A case in point was Rainbow's End, the ""largest"" theme park in the country. What they neglected to tell us what that it's also the only theme park and about as big as one of Alton Towers' car parks. It was great to be able to walk straight on to every ride but it was hard not to laugh at the weedy rollercoaster and scoff at the log flume. I made sure, however, that I didn't visibly act like the ""bigshot"" foreigner - it's just not polite.

Went to Auckland Zoo on Saturday and, forgetting the ethics of removing animals from the wild and caging them up in a city zoo, it was great! Highlight were the hippos, monkeys and zebras (""basically, stripy horses""). Sue's planning a big trip to an island next weekend and, hopefully, we'll get to go to a thermal water park where you can watch films in a hot spring."
2000/12/hurrah-im-back-designing-websites,2000-12-08T00:00:00Z,?,1055,"Hurrah! I'm back designing websites! Executive Taskforce want me to stay on until March and are paying me lots of cash and letting me re-design their corporate websites. Said yes, obviously.  Sue's now on a fixed term contract which makes things a lot more ""secure"" and we can start saving for travelling next year. Weather's still bonkers: the sun's shining, it's lovely and hot but it's December!

Had my first pint since leaving Britain, last night. And it was Kronenbourg! Fed up with ""handles"" and the girly half glasses they have over here. Kiwi beer (Lion Red, Steinlager, Speight's Gold) is okay, but nowhere near as welcome as a Kronenbourg. Sue and I were on a mini pub crawl, drinking at Hugo's Frog Bar (where they brew their own lagers), a 20th birthday party for one of Sue's workmates (""Get to bed"") and Murphy's. Normally I hate Irish theme bars with happy-go-lucky Irish ex-pats but, as I might have mentioned, they served Kronenbourg!

Just had a roasted tomato bagel with smoked salmon and cream cheese for lunch... backpacker, my arse."
2000/12/sunburnt,2000-12-12T00:00:00Z,?,1173,"Sunburnt. Not hugely, because I did put sun cream on, but enough to get the nickname ""beetroot"" at work. The ozone layer's so thin here that even when it's cloudy you can get burnt - must remember to ""slip, slop, slap"" (slip on a shirt, slop on sun block and slap on a hat...)

Had a great weekend, however. We all went up to the Bay of Plenty on Saturday morning and stayed at Tauranga. Went hiking up Mount Maunganui, swam in the hot thermal pools, parasailed in the sea and drove around lots. The weekend didn't go without a hitch, however, in that there was a bit of fall-out following Friday night's trip to Leftfield. Can't say too much because people might get offended, but there'd been inter-house snogging which meant only six of us making the trip to the Bay.

Sue's outraged she didn't know until the following day and we await further developments. When you're in a relationship any gossip about other people's love lives becomes ten times more interesting!

Photos coming soon. Honest!  And while you're on the internet, have a look at the The Top 10 Greatest Moments in Simpsons History (link courtesy of Kottke). Must remember not to laugh out loud at work."
2000/12/its-all-winding-down-over-here-in-run,2000-12-15T00:00:00Z,?,1216,"It's all winding down over here in the run up to Christmas. Everyone's talking about their ""summer break"", planning beach holidays between Christmas and New Year. I suppose it makes sense: take your annual holiday around the public holidays and then have more time left for the rest of the year. Just doesn't feel right. Sue and I are going up to the Coromandel - a Pennisula in the Bay of Plenty - for a few days before New Year on our own. Well, when in Rome and all that...

Saw Charlie's Angels on Wednesday. Average entertainment with a mostly near-naked Cameron Diaz which helped. Films aren't too far behind home and we might go back and see Unbreakable next week. TV's still appalling, though, with the highlight of the week's scheduling on Tuesday: ""Oh What A Night!"" on TVNZ 2 consisting of Dharma and Greg, Then Came You and Shortland Street. God help us all.

Just found out that President Clinton and Blair were at Warwick yesterday! Giving speeches in the Arts Centre on the stage where I was graduated! Just when I leave the damn place something exciting happens. Apparantly, Clinton's goons were searching everyone who went into the Union and there were helicopters everywhere. All seems so far away."
2000/12/just-finished-reading-stars-tennis,2000-12-19T00:00:00Z,?,1154,"Just finished reading The Stars' Tennis Balls by Stephen Fry. Began with usual public school setting, class issues and young boys' feelings but developed into a much darker story about jealousy and revenge. Began reading it on Sunday, lazing in the garden in the sun, and couldn't put it down. Thoroughly recommended.

Dan's suggested going to see Unbreakable tonight but, given that everyone's largely skint and knackered, we'll probably save ourselves for Fringe Ben's party tomorrow night. We've also got our massive turkey to buy in readiness for Christmas. I've been nominated as Stu's assistant in the kitchen which unfortunately means I'll have to run and fetch when, with an inevitable hangover, I'll actually want to run and wretch. Ho ho ho.

Oh, and eagle-eyed surfers may have spotted me on Am I Hot Or Not (strange people send in photos of themselves and visitors mark them out of ten). Before you email with abuse, I'm not quite sad enough to have actually sent myself in - Phil, Dunc and co sent in photos of us from the Final Fling and are making a league table. Apparantly, I'm currently in second place with an average of 8. Surely not?"
2000/12/msn-messenger-is-fantastic-thing,2000-12-20T00:00:00Z,?,789,"MSN Messenger is a fantastic thing. Just by leaving myself logged in at work I've got back in contact with three lost mates whose Hotmail addresses I'd put into the system and found they were online too. Up pops a little window and I'm chatting to people on the other side of the planet. Amazing.

Something else that I've just discovered is travelblog.net, ""a new weblog dedicated to breaking out of provincial mindsets."" In other words, a weblog for and about backpackers and travellers, with links off to pages like mine. A fab 'blogger called Dori quoted something I'd written a few weeks ago and linked back to me. She's got her own weblog called saranwarp.com with some amazing photos of places she's been to so have a look! It's a damn-sight more interesting than all this bollocks."
2000/12/internets-full-of-strange-people-who,2000-12-22T00:00:00Z,?,1503,"The Internet's full of strange people who put strange things into search engines. Here's me thinking I'm reasonably interesting when I get a few visits in my stats only to discover it's because people stumble on my page from Yahoo looking for things I've innocuously mentioned. Some top reasons for visiting my site are apparantly:Ladyboys(mentioned from when I was in Thailand)Schoolgirls(from a photo of Kel and Lou in fancy dress as schoolgirls)Kate(as if there aren't millions on the Internet!)But the most sought after item is... Truth or Dare Jenga! I've had at least a dozen people linking to me simply because I wrote that my housemates bought it for me for my birthday. Bonkers. If you're one of the Jenga fans, buy a box. It's, erm, great!

It can't have escaped your attention that it's that time of year again. I've been nominated chef #2 for Christmas day which means I get to sweat all morning stuffing my bird in the kitchen... and then I'll get round to cooking the turkey (arf arf).  Should be good to have the ""family"" (us British lot) all together, lots of alcohol and food.  We've all been buying $10 presents for each other so we'll all have crap to play with. Then, all going well, Sue and I are heading off on our own to the Coromandel before New Year. Weather's going to be hot, the sea will be warm and we can top up our tans in the sun. Not exactly our usual December.

Merry Christmas, have fun, have a happy new year, get fat, drink lots and I'll write again early next year!"
2001/01/first-day-back-at-work-in-real-new,2001-01-04T00:00:00Z,?,1868,"First day back at work in the ""real"" new millennium. Very hard to get back into the routine this morning after a fantastic Christmas/New Year. Christmas Day itself wasn't quite the anti-climax it threatened to be. It was in fact Sue who masterminded the whole lunch (eaten at five!) which included a Kumara mash (Maori vegetable, bit like a potato), an enormous turkey and no sprouts. Rather stupidly, Helen decided to buy me a super soaker with which I've annoyed everyone with with my hilarious penchant for drenching helpless housemates. Sadly, Stu and Dan have now bought their own, more expensive and bigger versions and have since ganged up on me. Bastards.

Between Chrimbo and New Year, Sue and I disappeared off to Coromandel on the other side of the Hauraki Gulf. Stayed in an en-suite hostel room with a TV and sofa which was more hotel than hostel. Didn't have Bertha with us so I managed to get Sue onto a bike to cycle to the nearby beaches and into town and almost killed the poor girl. She also got very surnburnt - her eyelids are still peeling from when she fell asleep on the beach! If you're ever anywhere on the Coromandel pennisula, make sure you have dinner at the Peppertree on Kapanga Road and try the lamb. Will definitely go back for that.

New Year was a bit of a disappointment. We went to the Loaded Hog by Auckland Harbour: something of a meat market in the week but crammed with grab-a-grannies for New Year's Eve. Dan was hammered before we left, Stu seemed subdued and Helen was off with her new Kiwi man Bob. The others are currently in Kerikeri so Sue and I are getting a bit of peace and quiet. 

Have a look at Stu's new Blogger-driven weblog that he's just started for an alternative viewpoint on the goings on in our house. And a big sorry - Sue and I promise to get some photos scanned by next week at the earliest! Happy 2001!"
2001/01/brief-explanation-of-photos-this-is,2001-01-10T00:00:00Z,?,2726,"A brief explanation of the photos:

This is the view from our hotel window in Bangkok. It was weird to see how the towers and skyscrapers were surrounded by shacks and huts with a freeway flying above it all to separate rich from poor.

This is our BUNAC group in front of one of the many temples in Bangkok. This was the day after we'd been to Pat Pong and it was ridiculously hot and sticky, hence our tired, miserable faces.

Bangkok has countless temples but this is one of the more sacred. Sadly (and shamefully) I can't remember exactly why. Must find out.

This is Sue and me in a Tuc Tuc taken while we waiting at traffic lights on the way back from Pat Pong. Looking back, it wasn't the most sensible of things to do: jumping out of the taxi passing it to Liz in an adjacent one, posing for a photo, retrieving the camera and then jumping back in before we roared off. Oh well, we were pissed and therefore invincible.

For Sue's birthday we went to Waiheke Island and paddled on the beach. Sue took this just after I'd almost fallen off a rock, arse over tit into the water, much to her amusement.

We then took this cheesy photo of ourselves (sorry).

For some reasons we all like water fights and, miraculously, I'm dry in this photo. You can also see the front of our ""villa"" with the little veranda thing with a bench where we, generally, drink beer and talk rubbish at each other.

We went to Taupo before Christmas and stopped off at Rotorua which, as Sue found out, has natural boiling hot water pools and sulpherous mud pools that smell of eggs.  We also had a ride on a jet boat up and down some rapids just outside Taupo and visited The Holy Cow, some sort of ""legendary"" spot for backpackers in the region.  From the left: me, Sue, Gemma, Dan, Becky, Chris, Stu and Oli. Finally, in out weekend o'fun, we went lugeing which, as you can see from the photo, Sue thought was enormous fun!

On my birthday our house went to the Mexican cafe on Victoria Street. From the left: Rich, Helen, Stu, Dan, Joanna, Sue and (erm) me. I was also ""obliged"" to wear a sombrero...

Being a big Arsenal fan, here's a stock photo of me showing off my team colours on Cheltenham Beach in Devenport. Note how I'm miles from the beach and yet still paddling: bonkers!

On the way through to Tauranga, we stopped off at Paeroa (home of the gorgeous Lemon and Paeroa drink) where Sue found something that reminded her of home.

Here's us up Mt. Maunganui. Sadly, you can't truly appreciate just how knackered Sue was after climbing the (pathetically small) mountain. The rest of the group came too!  On a beach in nearby Tauranga, we went parasailing.

Finally, on Christmas day we ate our dinner and drank lots of beer and wine."
2001/01/seems-like-aucklands-finally-back-at,2001-01-16T00:00:00Z,?,1141,"Seems like Auckland's finally back at work now. Stu's working for NZ Blood, Helen's working in a fertility clinic (sadly, she's not helping any young men to choke their chickens...), ""Young Man"" Rich is at the YMCA, Joanna occassionally works at an Irish pub in Parnell and Westaff Temp of November Sue's the receptionist at the Kiwi Dairies HQ.

Sue's now seems to have recovered from having half the mosquito population of New Zealand bite her last week. Rather stupidly (given her propensity to react to insect bites) we went for a walk by the river through the woods at dusk without any repellent.  Came back and she looked like Popeye with huge forearms and big hives everywhere.  Poor dear went to the doctors and they gave her a massive dose of antihistamine in one arm and another of adrenaline in the other.  She came outside and tried to have a cigarette and looked like Dot Cotton she was shaking like a leaf so much!

Finally, everyone (on the Internet) seems to be going mad over these StorTrooper things where you can make a cartoon character of yourself. Doesn't seem to work on my computer but give it a go and send me yours!"
2001/01/havent-posted-in-while-and-am-even,2001-01-21T00:00:00Z,?,1565,"Haven't posted in a while and am even starting to lag behind Stu in the weblog stakes. Must try harder. Suppose it's a combination of working hard and not doing enough fun things. Not selling this post very well am I?!

Anyway, Sue and I went to Muriwai beach yesterday to see some beaches and cliffs where a huge gannet colony roosts.  It's only about half an hour away but Sue's map-reading left much to be desired. Well, she's only female. At least I got to see Auckland Harbour Bridge four times as we went round in circles!  We're actually back off to the west coast again today with Helen to go to Piha beach where The Piano was filmed. Meanwhile Rich, Joanna and Dan are trying for the third time to catch the ferry to Rangitoto after having failed for the last month. Honestly, for supposedly travel-savvy backpackers who've managed to get half-way round the world, we're completely crap at going anywhere local!

Went to the Rose and Crown pub on Friday night.  It was our third time there but our fondness for it is quickly diminshing given the fact that the same band have played there every time with the same set list of covers.  Sue's desperately keen to go somewhere else like the Salsa bar at the end of the road but I'm not sure if we're smart enough.  Dan would certainly have to shave his (largely ginger) beard off!  We've been a bit rude recently in underlining our opposition: for example, Rich blue-tacked ten disposable razors all over the house with comments like ""Shave first, eat later"" next to one on the fridge.  Well, it made us laugh."
2001/01/look-its-me-ive-finally-managed-to,2001-01-22T00:00:00Z,?,391,"Look it's me! I've finally managed to make my own cartoon character representation using the StorTrooper generator. Send me yours and I'll put it up here.

I've also put a photo up of Rich, Dan and Stu at Kelly Tarlton's, an underwater observatory museum with penguins and sharks and things. As you can see, they're quite literally being eaten by a giant orca whale and are now dead. Honest."
2001/01/i-saw-mouse-where-there-on-stair,2001-01-24T00:00:00Z,?,1054,"I saw a mouse! Where? There on the stair. Where on the stair? Right there... Looks like we've got a small family of mice/rats living behind our crusty cooker and under the cupboards.  Joanna, me and now Helen have seen the little bastards scrambling over the cooker rings and behind the cupboards.  This is excellent news because it means I can buy a mouse trap and kill them!  More realistically, given that I live with two vegetarian/non-red meat animal lovers, they'll have to be evicted in a caring way. Rats, as it were.  I feel a saga coming on: more soon.

Sue's now booked our tickets for this weekend: we're going to the Great Barrier Island just up the coast in the Hauraki Gulf. The ferry takes about two hours and we leave on Friday evening so we'll probably have a few cheeky halves on board to start the weekend off.  We've even booked activities: kayaking round the island, snorkelling and mountain bikes.  Roll on Friday!

Oh, and don't worry about Rich, Dan and Stu: apparantly it was some sort of computer jiggerypokery after all. Phew!"
2001/01/sadly-no-further-mice-sightings-but-i,2001-01-26T00:00:00Z,?,637,"Sadly no further mice sightings but I haven't forgotten and will set about my task with renewed enthusiasm when we come back from the Great Barrier Island. We're staying at the Stray Possum Lodge over the long weekend - Aucklanders get a ""statutory"" holiday to celebrate its anniversary - and are leaving straight after work! It's been a while since the whole gang has had a holiday together and it'll be good to get away from tired evenings in watching Grosse Pointe, Shortland Street and all the other crap on Kiwi television.

Joanna's now created her Stortrooper. I'll try and do the rest of the house when I've got an hour to spare!"
2001/01/fantastic-weekend-on-great-barrier,2001-01-30T00:00:00Z,?,1704,"Fantastic weekend on Great Barrier Island, an island just off the coast of Auckland. Started off badly when, after an extremely choppy, two-hour ferry ride on Friday, we arrived at the unsheltered port to torrential rain with no sign of our backpacks. We were all herded behind barriers, hair plastered down the sides of our faces with the rain getting heavier, children crying and people shouting: it was like we were prisoners of war!

Anyway, we all awoke in the Stray Possum Lodge in the same mixed-sex dorm room.  This meant the girls could experience the olfactory delights of Stuart's towel first-hand and rejoice in Dan's snoring; sadly they didn't reciprocate with naked pillow fights for our entertainment. Spoilsports. 

The sun was shining and so we decided to go for a long walk. Which for us was very strange. Especially given that it was a six-hour ""tramp"" up Mount Hobson and down past natural hot springs.  Spectacular views and a mad German woman kept us in high spirits and, in true Secret Seven fashion, gagging for a slap-up feed.  Swallowed my pride and drank Export Gold and we ate literally twelve inches of the Lodge's home-made pizza.

The next day we went Kayaking around the island and into the Pacific Ocean. I was in a two-man kayak with Sue who managed to casually tickle the water in front while I was left to actually row/paddle both of us along. This was an issue of contention. Anyway, we then went snorkelling in a secluded bay among the little blue fishes and big puffy ones (evidentally I'm crap at identifying and remembering things like fish species). Barbeque in the evening, walk in the morning and then home for a slap-up Chicken Balti! Hurrah for 0800 CURRIES!"
2001/02/this-sorry-excuse-for-travelblog-has,2001-02-01T00:00:00Z,?,819,"This sorry excuse for a travelblog has now reached over 1000 visits and it's up to about 20-a-day. Hopefully some of you enjoy what I write and aren't just searching for ladyboys and naked Shortland Street pictures, although looking at my referrals tells a different story. Thanks everyone for visiting and (hopefully) reading this rubbish!

What cheese are you?  I'm a Danablu, unsurprisingly a Danish blue cheese. Mmm. (Link from dutchbint.org).

Going round Fringe Ben's massive 12-bedroom house tonight to meet its residents and see if the room he promised us is up to scratch. Only a month left before we're moving out of our home and we've still got to tell the landlord (who thinks we're staying for a year - whoops!), advertise in the paper, sort out final bills, sell Bertha and a million-and-one other things."
2001/02/theres-now-13-more-photos-for-you-to,2001-02-03T00:00:00Z,?,1200,"There's now 13 more photos for you to enjoy, mostly from our trip to Great Barrier Island but there's also some from Piha and Muriwai beaches. Just wish the scans could do justice to how blue the water was and how green the trees were - far cry from Essex!

Talking of back home, I'm missing a big Warwick Boar reunion in London.  The Boar was the student newspaper at Warwick and I grew quite attached to the old thing and those who worked on it, so ""hi"" to any ex-Boar members reading this and have a few beers in my honour!

Sue and I are planning our next few months: looks like Fringe Ben's house is a definite for when we move out and then we'll probably leave Auckland at the end of March. We'll then ""do"" the rest of the North Island in April, settling down in Wellington and work for a couple of months before cashing in our Kiwi Experience South Island tickets in July.  We'll spend a month in Oz, visiting my relatives in Melbourne and driving through Canberra and Sydney before spending a couple of weeks in Fiji and Hawaii.  Finally we'll spend about a month in LA and then head home in late October.  Shit, that's months away!

Latest in the ""what are you?"" tests: what flavour are you?"
2001/02/it-was-waitangi-day-yesterday-here-in,2001-02-07T00:00:00Z,?,1609,"It was Waitangi Day yesterday here in New Zealand and therefore a public holiday.  The day is supposed to commemorate the signing of the Treaty of Waitangi, the founding document of New Zealand, in 1840 between the native Maori chiefs and the British Crown.  Shamefully (being British) some of the early settlers weren't exactly honest, stealing land from tribes and to this day disputes still plague New Zealand society.  The Pakeha (the whites) simply spend another day at the beach while Maoris seem to rekindle their resentment and bitterness.

As an (albeit British) outsider, there's a lot of racial intolerance among the whites for ""moaning, minority Maoris"" who make up 17% of the population while the natives seem to cling on to past injustices 160 years after they were committed.  Also minorities such as Pacific Islanders, Chinese and Japanese are growing and growing in New Zealand to create a much more diverse society: it's no longer just Pakeha against Maori.  The All Blacks are the perfect example of how Kiwis can put their differences behind them with Christian Cullen (white) performing the Haka alongside Jonah Lomu (Maori). I know it's not as simple as I make it sound, but it's still a major issue in New Zealand.

Best get off my soapbox!  We spent the day in the sun watching New Zealand get stuffed by Sri Lanka. It really was quite embarrassing to watch the home team get completely thrashed by nine wickets in a one-day international.  Cheap day out, though, and it was great to visit Eden Park.  Can't wait to go back for the rugby: a sport this country's actually quite good at!"
2001/02/looking-out-of-my-window-on-25th-floor,2001-02-07T00:00:00Z,?,731,"Looking out of my window (on the 25th floor of the third largest builiding in New Zealand, I might add) I can see right into the penthouse suite of the Auckland Centra Hotel. Guests sometimes forget that, despite being so high up, they're not completely invisible to the outside world and, apparantly, oblivious undressers often expose more than they're aware. 

On Friday, however, one group of people went a rather gruesome step further: a naked, fat, middle-aged woman (why are they never attractive?) decided to bounce around on her penthouse balcony waving to us with her jugs flying.  Meanhile her friends seemed to be making porn films in the bedroom, pressing themselves up to the glass.  Brightened up my Friday afternoon."
2001/02/sue-and-i-had-extremely-pleasant-and,2001-02-09T00:00:00Z,?,939,"Sue and I had an extremely pleasant and sophisticated Saturday at the Devonport Food and Wine Festival. We sipped Chardonnays, Rieslings and Sauvignon Blancs from around the country, basking in the sunshine and relaxing to the jazz. Pity 25,000 other Aucklanders had the same idea but it wasn't too crowded and we had a fantastic ferry ride there and back.

Killed a mouse last night. I'd assumed that putting mouse traps out would mean a quick, sharp death for the poor little bastards.  But, no, I came upstairs last night to find one wriggling around, head clamped at a horrific angle in the trap and his eyes bulging. Kindest thing to do was put him out of his misery and, as I brought down the Broom of Justice, Sue screamed in an extremely uncharacterstic girly manner. Feel a bit guilty but, in our mice-infested house, it's honestly either us or them!

Hate Valentine's Day? Send your ungrateful other a Dutchbint Evil Valentine's."
2001/02/why-do-i-even-bother-had-massive-email,2001-02-13T00:00:00Z,?,738,"Why do I even bother? Had a massive email crisis at work today. Firstly I was great in diagnosing a new virus, disinfecting everyone's computers within minutes and helping infectees over the country sort themselves out.  Then it turns out that in fixing things, our email server's buggered and no-one can receive external emails.  Passing the buck to the engineer: can't understand why the stoopid pooter doesn't work!  Think it's about time I gave up on the blasted things anyway.

Advertised our house in the Herald this morning. Poor Joanna, Rich and Helen have had the phone ringing non-stop with people clamouring to takeover the rent and are scrubbing feverishly as I write.  Hope the househunters can stand the stench downstairs..."
2001/02/damn-that-anna-kournikova-to-hell-have,2001-02-15T00:00:00Z,?,1310,"Damn that Anna Kournikova to Hell! Have now seen the back of her... well, not literally... that would actually be quite nice.  And, while I'm linking, I knew it would only be a matter of time before there was a serious accident while someone was text messaging. The amount of times I've almost walked under a bus while walking down the street trying to compose a text message...

Can't have escaped your attention that it was Valentine's Day yesterday but is it my imagination or is it getting even more commercialised out of all proportion? Luckily I was in the fortunate minority of people that actually had ""Valentines"" and had a spanking Chinese at the Dragon Boat followed by ridiculously cheap beer at Margarita's with Sue. Was a bit concerned earlier in the day when Helen texted to say there were two cards waiting for Sue at home, in addition to the one I'd given her. Fortunately it turns out they were from Rich and Stu who also sent them to Helen and Joanna. Alarm over!

Moving out day's drawing closer: our landlord's meeting our shortlist of potential new tenants tonight. Poor Joanna's had literally hundreds of phone calls since we put our house in the paper and has now whittled the groups down to four and, amazingly, not entirely composed of ""fit men"". Hope they don't find our mouse traps!"
2001/02/new-tenants-for-our-house-are-group-of,2001-02-16T00:00:00Z,?,1387,"The new tenants for our house are a group of young Kiwi students, fresh out of school and moving out of their parental homes. We met four of them last night, all 18 years old, bright eyed, eager and full of life. Us haggard, creaking British twentysomethings suddenly looked and felt very old as we contemplated cooking dinner, watching Shortland Street and the ironing that needed doing.  Oh to be young again! (he says with all of his 22 world-wise years...)

The weather's unbearable at the moment in Auckland. It's so bloody humid all the time that you end up feeling sticky and irritable just walking down the street. You get a brief respite from the heat with a sudden downpour and then it's back to the muggyness. Fortunately we've got air conditioning at work but stepping outside the front door reminds me of walking out of the plane into the Bangkok heat. And as for the flies and mosquitos... Apparantly it's freezing back home in England but give me a nice, cold refreshing Winter anyday.  You're all so lucky!

No big plans for the weekend. Going to a barbeque with Sue tonight but otherwise it's shopping for Jesus sandals tomorrow and sitting down in a quiet place.  Everyone at work are asking which island I'm off to this weekend but I suppose that's because we've got a reputation for kerrazy weekends away. Need to save up so I can afford the next spurt of travelling."
2001/02/it-was-big-hero-festival-in-auckland,2001-02-21T00:00:00Z,?,1175,"It was the big Hero Festival in Auckland on Saturday night, the New Zealand Mardi Gras equivalent, principally for the gay and lesbian communities. Standing at the end of our road outside One Red Dog on Ponsonby Road we had the perfect view of a multitude of naked arses, dykes on bikes, fire-breathing transvestites and all sorts. Top entertainment. My personal favourite was the naked dancing woman on top of a big float, her modesty saved only by a coat of gold paint. But that's because I'm a pervert.

We then went down to our next-door-neighbour's bar Kenny's on K Road for the karaoke night. He'd promised us free beer so how could we refuse? It was karaoke night and, buoyed by the party atmosphere, Helen and I did a passable ""Delilah"" (in honour of her Welshness) before I disgraced myself by singing ""Country House"" in an Essex boy accent, a few beers later. I'm still shuddering at the thought of it.

Rich's now upped-sticks and is off to Whitianga on the Coromandel penninsula for the start of his Kiwi Experience trip round New Zealand. Rather suspiciously Helen has also gone on a two-day holiday up there too.  ""Helen and Richard up a tree, K I S S I N G..."""
2001/02/sue-and-i-are-currently-facing,2001-02-26T00:00:00Z,?,1632,"Sue and I are currently facing homelessness as of Saturday.  We'd arranged with Fringe Ben to move into his 12-bedroom house at the end of February.  We weren't overly concerned when he announced that because he was leaving Auckland he was handing the responsibility of the house onto his housemate, Conor.  We should've been concerned, though, as since then Conor has also left town and the current incumbents have just let out the last room in the house, unaware of what had gone on before.  ""Bollocks,"" we thought.

All could be saved, however, as we're going to look at a studio flat in nearby Devonport.  Although this sadly means we'll have to leave Ponsonby, it also happily means we get to live by the seaside with the City just a 10-minute ferry ride away.  The gorgeous Cheltenham Beach is also conveniently just at the end of the road.  Chickens, however, shall not be counted.

Quiet, relaxing weekend otherwise.  Joanna's friends arrived yesterday from the Cook Islands and, other than being largely northern, seem okay.  Poor Joanna's recovered from her Night of Shame (chundering within ten minutes of arriving at the pub, losing purse, inappropriate text messaging, etc.) and seems very chirpy now that Jim's here.

Tickets are now booked for Friday for the Auckland Blues' first home match of the Rugby Super 12's against the Canterbury Crusaders. Despite playing a bit of rugby at school and for Chelmsford, I've never seen a professional match.  These two are apparantly the best so I'm really looking forward to it.

Finally, sorry to spoil Comic Relief but here's Ali G interviewing a humiliated Posh and Becks."
2001/02/first-of-all-i-must-underline-how-much,2001-02-27T00:00:00Z,?,837,"First of all I must underline how much we're all missing our Richard.  Poor Big Rich is feeling alone and neglected travelling on his own and has pointed out to me that I'm a bastard for not missing him in a written form.  Fair point.  So, Richard, if you're reading this, start pulling some of the 18 year old totty on your bus and stop being such a big girl's blouse.

Secondly, Sue and I are no longer homeless!  We're moving into the cool bedsitty flat in Devonport we visited yesterday downstairs from my workmate Leanne.  We'll also be sharing with her Scottish boyf Craig, a budgie, a cat, some Japanese and a so-laidback-he's-horizontal Dutchman called Rick (our landlord).  We're looking forward to daily ferry rides to and from work in the sunshine and a plethora of takeaways, offys, a supermarket and beaches on our doorstep."
2001/03/nearly-had-nightmare-hair-cut-last,2001-03-02T00:00:00Z,?,1582,"Nearly had a nightmare hair-cut last night. I had a feeling something was wrong when I walked into the same barbers I'd been going to for months and none of the usual male barbers were there. An eastern-european woman motioned for me to sit down and then proceeded to take five minutes doing up the hairdressing gown thing, dropping her scissors and combs. Wasn't sure if she was on something or just odd. She began to painfully slowly cut my hair, or rather picking at it, leaving huge clumps, different lengths and tufty bits. I was growing more and more anxious but didn't want to say anything in case she actually knew what she was doing. 

She convinced me otherwise, though, when she left my fringe cut straight across like a monk so I got up, took the barber next to us to one side and asked if he could ""finish me off"". As the (obvious) professional tidied things up and repaired the damage the poor woman looked really confused. It's not a very British thing to complain like that but I was determined to be assertive and sort things out. Hey, maybe I'm becoming a bit Kiwi!

Rugby this evening and then our last night out together as a house. We're all moving out tomorrow and so we'll have a couple of beers tonight. Actually, I've recently gotten a bit of a reputation for falling asleep in dark clubs after midnight so I'm on the Red Bulls. Helen's got a massive bottle of vodka to drink and there's also bacardi, JD and Southern Comfort to polish off before we go out. Might be carnage.

What do Britney Spears fans think about their president? Well, it made me laugh."
2001/03/sue-and-i-have-now-packed-up-and-moved,2001-03-06T00:00:00Z,?,1311,"Sue and I have now packed up and moved just across the Hauraki Gulf to Devonport.  We're already missing our little ""family"" and it was really quite sad waving Helen off on her coach to Wellington on Saturday.  Joanna's living in a swanky appartment with a dishwasher and Dan's somewhere in the North Island.  Now I've only got Sue to torment!

Had a fun last Friday night together watching the Auckland Blues beat the Christchurch Crusaders at Eden Park before going to the Rose and Crown and the Loaded Hog.  The rugby was poor - too many scrappy penalties, loose mauls and knock-ons - and I can imagine England thrashing the All Blacks' on recent form.  Finishing off our alcohol probably wasn't the wisest move given that we had to scrub and clean the house the morning after, as a hungover Sue discovered.

So, we're living on Calliope (pronounced Cal-ee-aye-pee) Road, about two minutes' walk from the ferry terminal. Our cute little bedsit comes with a sink, hob and a small fridge/freezer and even our own TV. We're living with our Dutch landlord, an Asian couple and Leanne (Kiwi) and Craig (Scottish). Sue's very impressed with the big New World supermarket (good chicken and pork, apparantly) and the Glengarry round the corner.  Sue's not very impressed with the stupidly steep hill on the way back!"
2001/03/long-time-since-ive-written-but-its,2001-03-15T00:00:00Z,?,935,"Long time since I've written but it's been a busy week.  My parents flew in from home on a whirlwind holiday that includes Singapore and Australia.  Sue and I have been full-time tour guides and trip planners since they arrived but it's been fun showing them around ""our"" city.  Had a couple of days off work and took them to Waiheke and Rangitoto by ferry and up the Sky Tower.  They've hired a campervan and are staying on nearby Takapuna Beach (playground of the rich, apparantly) and have taken us out to dinner every night since they got here as thanks.  Who are we to complain?!

6 days left at Executive Taskforce and there's still mountains to do - including finishing off the website.  Been given a few contacts down in Wellington but seeing as Sue and I are only planning to be there for a couple of months, I'm not crossing any fingers yet.

And may I be the first to declare my love for the Russians.  Bring on the Spanish!"
2001/03/im-being-temped-out-tomorrow-afternoon,2001-03-19T00:00:00Z,?,1026,"I'm being temped out tomorrow afternoon by my consultant to North Shore hospital to ""fix a website that's been written in JavaScript rather than HTML""(?)  Didn't think it was worth correcting Barbara (an English ex-pat who in typical northern fashion calls a spade a spade) and it means I get to save the day and be a Web Hero (TM) for an afternoon!

The parents have now left the country after their whirlwind ten-day visit.  Sue and I took them for a bit of culture to Auckland Museum and to see Nurse Betty on Saturday.  The former tried a bit hard to cover the entire history of New Zealand; Te Papa in Wellington is supposed to be much better.  Nurse Betty, however, was quite good (albeit no-one else's taste!): Morgan Freedman and Chris Rock are violent western-esque characters that formed one plot while (insane real-life wife of Jim Carrey) Renee Zellweger is the miserable widowed suburban housewife who, through post-traumatic stress, looks for happiness in a soap star she thinks is real.  Yeah, it's a bit weird."
2001/03/not-sure-how-regularly-ill-be-able-to,2001-03-22T00:00:00Z,?,1099,"Not sure how regularly I'll be able to update this beast in the future: finishing work tomorrow and so bang goes my 8-hours-a-day free Internet connection. Will of course endeavour to seek out Internet cafes wherever I am and keep updating but it won't be quite so, erm, regular. Hopefully, though, this will mean I'll get back to writing a ""Travelblog"" of things that happen as we actually travel, rather than what happens as we stay put in one place for five months...

Sue's sister, Amy, arrives in Auckland on Monday after a nightmare non-stop journey from England. She's apparantly bringing three bikinis despite the marked cooling down of the weather as us Southern-Hemispherers lurch into Autumn. Hope she won't be disappointed! We're taking her up to the (kind of sub-tropical) Bay of Islands first which should still be lovely and warm and we're also meeting up with Helen who's spending her last few days in New Zealand with us. Hurrah! Will be really good to see her again: can't wait to rekindle memories of Helen's porch exhibitionism, drink lots of beer and fall asleep in pubs. Again."
2001/03/sue-and-i-have-now-moved-back-to,2001-03-28T00:00:00Z,?,1690,"Sue and I have now moved back to the hostel we stayed in when we first came to Auckland.  We're even back on the same floor and it all feels very much like home.  Only here until Saturday but we can now stay out late in the City without worrying about catching ferries home and walking up the Steepest Hill In The World. Probably. Helen's also staying there and, with Joanna just up the road, most of the old Ponsonby gang are back in town.

Had a good last day at work: couple of drinks with everyone in the boardroom before going on to The Empire down the road. Even had a card and a little present. Wasn't expecting anything seeing as I was just a temp! So, cheers to everyone back at ET - it was lots of fun working with you all and I'll definitely come back and see you when we pass through Auckland in September.

Another Pom, Sue's sister Amy, is now also in the country and I'm her designated tour guide while Sue's working. Seems to be enjoying herself, especially yesterday when we went jet skiing and kite flying up at Muriwai beach.  David, who I'd worked with over the last four months, and Lara took Amy and us out on the water while poor Sue was at work. Really grateful to the both of them for giving up their day and taking us out. Absolutely amazing feeling riding into the waves, chasing the surf and flying through the air when the water disappears. Muriwai's one of the windiest and wavy beaches going so it was a bit of a baptism of fire. It was all very petrolhead with so much power behind you and I can't recommend it enough. Sue was a bit jealous sitting at her desk and answering phones all day but I'm sure we'll both get the opportunity to do it again together!"
2001/04/last-thing-locals-are-prepared-for-in,2001-04-03T00:00:00Z,?,2144,"The last thing the locals are prepared for in Paihia, the sub-tropical capital of the Bay Of Islands, is rain. There's absolutely bugger-all to do here that doesn't depend on sun and lots of it. So when we arrived on Saturday to be greeted by monsoon-like rains and winds it put an obvious dampener (arf) on things.  Amy, Sue, Helen (who'd come up for her last few days in New Zealand) and I decided to press on regardless with our plan for a Bay cruise up to ""The Hole in the Rock"" despite the crew's exceptional but sensible offer of a refund.  Our resoluteness proved to be especially fool-hardy given Hel's and Amy's sea-sickness and the fact that you couldn't see anything past the dense rain.  Will put some photos up soon but trust me, Amy was decidedly green.  Sue and I, however, took a perverse pleasure in battling the elements, taking photos in the downpour and holding on for dear life as the catamerang pitched and rolled.  In an attempt to look learned, I'll claim it was like the opening act from The Tempest with Prospero's full anger unleashed on us.  Basically, it rained like buggery.

Yesterday was officially the Worse Day Since We Left England as the rain got heavier, there was a power cut, nothing was open and the hostel bar inexplicably and idiotically shut. The hostel-full of bored backpackers decided to ignore the alcohol room ban and got slaughtered, dive-bombing into the swimming pool and generally hooning about like the listless fools they/we are.  Sue and I managed to play more than thirty games of rummy and drunk a comparably large amount of wine.  Let there never be another day like it.

Fortunately, the sun came out today and Sue and I could return to our favourite passtime of drinking in the sunshine by the beach.  Sadly, Helen returned last night to fly out to Australia.  Have fun Welsh Bird - we'll miss you lots and lots!  Swimming with dolphins is booked for tomorrow and then a trip up to the toppermost (must be a word) tip of the country - Cape Reinga - on Thursday to surf down sand dunes and gasp as the Tasman Sea and the Pacific Ocean collide.  Just hope the nice weather gods love us."
2001/04/didnt-get-to-swim-with-dolphins-after,2001-04-06T00:00:00Z,?,1868,"Didn't get to swim with the dolphins after all but had an amazing day nonetheless.  We were on a big jet boat tour and, although we found a couple of ""pods"" of dolphins, we couldn't swim with them because there were baby dolphins in both and swimming with juveniles isn't allowed.  All the same Sue, Amy and I got to lie on the bow of the boat as the little scamps jumped out of the water at you, showing off, doing little jumps and spraying water at us.  Apparantly they love it when you talk or sing to them, not because of the sound (which doesn't penetrate water) but because of your facial expressions, just like human babies.  Very difficult to take photos - by the time you've pressed the button all that's left is a splash - but I'll scan some of my efforts when we get back to Auckland.

Yesterday we had a day's coach trip to Cape Reinga on a Kiwi Experience bus.  Kiwi bus journeys are more like activity days out rather than just a means of transport because they stop off along the way at interesting points such as waterfalls and historic stuff.  On this trip our slightly odd driver Wallace drove us along 90 mile beach along the west coast of the North, splashing through the water and then on to sand dunes which we Boogie Boarded down.  Very knackering to walk up the soft sand and then it was over in seconds as you hurtle down the slope lying on the board.  The Cape was quite impressive and you could watch the Bank of Columbia where the waves of the Tasman Sea (bit between Oz and NZ) and the Pacific Ocean crash together.

Going to Kerikeri tomorrow to watch a traditional Maori dance thing and then we're back on the bus back to Auckland.  I've hired a car for us and then we're driving up the Coromandel Pennisula - the eastern part of the prong at the top of NZ - to Whitianga and its hot pools.  Starting to feel like proper backpackers now!"
2001/04/briefly-back-home-at-city-yha-in,2001-04-08T00:00:00Z,?,1537,"Briefly back ""home"" at the City YHA in Auckland until Monday. Went down K-Road with Amy and Sue last night and discovered bars and clubs we'd aimlessly wandered past while living here which looked fantastic but which we were too knackered for. If only we'd seem them before, kind of thing. Had a lazy day at Starbucks and Victoria Park Market before we leave for Whitianga on Monday. Starting to get a bit tired of living out of a backpack and am really looking forward to working our way down to Wellington so that we can find a permanent bedsit/flat: somewhere that's ours, rather than another fecking hostel.

Will also be good to catch up with Dan and Joanna down in the capital and also watch a bit of Super 12s and see the Hurricanes in action at the Cake Tin.  They're a bit like the Manchester United of NZ rugby with big names like Jonah Lomu, Christian Cullen and Tana Umaga.  Doesn't look like I'll be able to watch the Footy FA Cup Semi-Final between the Arsenal and Spurs on Sunday.  Firstly, it's on at 2am over here (so no pubs will be open) and secondly, no TV channels are even showing it so I'll be relying on text messages from my Dad.  Feeling very confident after we saw them off at Highbury on Saturday and then beat Valencia on Wednesday.  Always close matches but even with Glenn Hoddle as their new manager, I think we're just too good for them at the moment.  Just a big shame I'm not back at school to get revenge on Nat, Hadj and Fat Matt for all the shit I took when Spurs beat us in 1991!  Come on you reds!"
2001/04/wheres-your-year-ending-in-one-now-eh,2001-04-09T00:00:00Z,?,1520,"Where's your Year Ending In One now, eh?!

Why do you always think of something witty and damning to say after the event?  I'm unlocking the hostel door to my room at 7pm last night when this old woman with a German accent comes out of her room and says, ""I would like to ask you to shut and open your door quietly please.  No noise.""  I shrug, she disappears and I go back down the corridor to find Sue and then return a couple of minutes later.  The door swings close behind me, not noisily but forcibly enough so that the latch catches.  Knock knock, ""That was not quiet. I just asked you to be quiet. No noise please.""  I'm speechless and just gawp at her until she goes back into her room.  I neglect to remind her that a) this is a youth hostel, the stupid old bat, and that noise is inevitable, b) the doors need to be banged so that they'll actually lock properly, c) it's only 7pm, and d) that she should get a life and stop bothering poor backpackers!  Just because she's old, it doesn't mean she can talk to me like I'm five years old!

Was a bit narked for the rest of the evening but it didn't stop Sue, Amy and me from enjoying Crouching Tiger, Hidden Dragon, an absolutely amazing kung-fo type film in Chinese with subtitles but with incredible direction (by Ang Lee), scenery and special effects.  Simple storyline but lots of fight sequences extremely well done.  I'm not really into martial arts films but I thoroughly recommend you see it.  Off to Whitianga this afternoon: will write more from there."
2001/04/we-had-unpleasantly-stressful-and,2001-04-17T00:00:00Z,?,1127,"We had an unpleasantly stressful and eventful journey to our first ""stop"", Rotorura, yesterday that included almost running out of petrol, being given a hire car with a radio/tape player that doesn't work (for three weeks!) and broken/lost sunglasses. We're staying at the Kiwi Paka YHA youth hostel along with a couple of coach-loads of schoolkids who generally enjoy running around and shouting at each other. Mental note to self: no more YHA youth hostels.

Rotorura's a big town built on and around hot springs, geysers and bubbling mud pools after a volcanic eruption in the 19th century. It's quite amazing walking down the street where steam clouds billow out of drains and bushes seem to be on fire. Photos to come. And there's also the small matter of the smell: it's a sulpherous, eggy pong that lingers in the air and is surprisingly much worse than Helen's.  We've been to the Government Gardens museum, complete with Victorian baths (now in ruins) and will be having a go at the Polynesian Spas this afternoon. Also planned for later in the week is lugeing, zorbing, a ""traditional"" Maori concert and hangi (meal)."
2001/04/moving-on-to-whakatane-today-after,2001-04-20T00:00:00Z,?,1740,"Moving on to Whakatane today after a good week in Rotorua.  On Tuesday we went to the hot-water barium Polynesian spas - very relaxing, much like a really hot (44C) bath and apparantly good for you.  Wasted Wednesday morning by getting up at 5.45am to see Arsenal getting knocked out of the Champions League but it meant that we could drive to Waiotapu Thermal Reserve to see the Lady Knox Geyser erupt at 10.15. Thought its regularity and accuracy was a bit strange and (sadly) it turned out that some bloke dumps a kilogram of washing powder down five minutes before. Anything for the tourists.

In the evening we went to Tamaki Maori Village, an excellent replica of a traditional Maori village at which your coach (with its elected chief) is greeted by Maoris in costume sticking their tongues out, rolling their eyes, grunting and waving sticks and spears at you. It's supposed to be intimidating and a show of force. Dances, games and songs in the Wharenui and then a Hongi meal in the Wharekai which is cooked underground. Superb finale at the end of the night where all the guides and coach drivers perform the Haka inches in front of you. Can see why rugby teams facing the All Blacks get a bit rattled having to face that each match.

The Wai-o-tapu ""Wonderland"" was a bit crap, just lots of smelly sulpherous mud pools and bubbling water. Best part of the week, though, was going back to the Luges - a cart that you freewheel down to the bottom of a big hill really fast down a windy track, overtaking, going over jumps and swinging round corners. Of course I thrashed Sue over our five rides despite her whining about me almost knocking her off of the track and other pathetic excuses to be crowned Best Luger In The World Ever."
2001/04/cant-recommend-white-island-new,2001-04-23T00:00:00Z,?,1039,"Can't recommend White Island, New Zealand's only active marine volcano, enough. The obvious comparison is that it was like walking on Mars. We were guided through drained sulpherous lakes past massive vents that shot out superheated invisible sulpher dioxide that created clouds that blocked out the sun. We saw green lakes, odour-less sluphur deposits and walked through the ruins of a mining company's attempts to build a factory that had fallen victim to an eruption. You could tell it was a bit dangerous by the fact that they gave us gas masks and hard hats but they weren't needed. Excellent day.

To even things up a bit, Gisborne (our following stop) was thoroughly horrible and our hostel even worse. We're now in a much better hostel in a much nicer town - Napier - and are looking forward to doing some wine and beer tours and exploring the Art Deco buildings along the seafront. Apparantly the majority of the town's buildings were levelled by an earthquake in the thirties and re-built at the height of the Art Deco movement.
"
2001/04/havent-written-in-week-but-thats,2001-04-30T00:00:00Z,?,1696,"Haven't written in a week but that's because we've been such busy bees.  Napier, as I said, was a fab little town.  We explored Art Deco buildings, played lots of mini golf (Sue, sadly, coming out on top by one pathetic stroke), visited the Mission wineries (partaking in an excellent Pinot Gris and Geburztraminer) and a small brewery.  Left, spent one day in Palmerston North visiting the NZ Rugby Museum and arrived in our new home, Wellington, on Saturday.

Within five hours we'd found ourselves a home: a downstairs flat in nice little suburb called Kingston, fully furnished and with a TV, video, washing machine etc.  We even had the luxury of turning down people whose houses we'd visited and who'd rung us back offering us rooms. Now it's the slightly less easy task of finding a job and replenishing our rapidly depleting bank balances. Don't even want to think about how much money we've spent since leaving our jobs in Auckland!

Another ""inconvenience"" is a $95 fine for having our rental car towed away yesterday. Very embarrassing and very stupid: we parked down a semi-pedestrianised paved road in the centre of Wellington next to all the other (legally-parked) cars. The ground markings were exactly the same, no yellow lines or anything. What we failed to spot was the shutter in front of the car leading to an underground car park with a crappy sign telling you not to park. Completely missed it. No excuses, though, just an untimely thirty-odd quid to pay Wellington City Council. Seems like a nice place, otherwise, and we met up with ex-housemates Joanna and Dan on Saturday who rave about the place. Think we need time to get our bearings and start looking around us more!"
2001/05/settling-in-to-welly,2001-05-02T00:00:00Z,?,927,"Settling in to Welly. Sue and I have been badgering the many recruitment agencies with phone calls and emailed CVs and have a few positive leads. I'll actually have to be a bit more mindful of what I write here though: in an interview at Lacey Lee on Tuesday my consultant had read this weblog and knew all about me! Bit unsettling but no harm was done and I think it helped him get a better picture of me. Sue's got a day's work this week and I'm crossing fingers about a few opportunities. Need some cash to pay back that fine...

Haven't actually seen too much of the touristy side of the city. Dan came round for a few beers last night at our Kingston Mansion and we're going to a restaurant with Joanna tonight. Apart from that, the limits of our new experiences are catching a trolley bus (bit like a tram with overhead electricity cables but otherwise a normal bus) and sitting in new internet cafes like, erm, this one."
2001/05/still-no-job-and-although-ive-just-had,2001-05-08T00:00:00Z,?,804,"Still no job and, although I've just had my third personnel agency interview in successive days with positive feedback and test results, it's starting to piss me off. The only job I've (jokingly) been offered is sorting bottles of urine for some testing lab. That's what it's come to!  Doesn't help that Sue's just started a month-long office job leaving me bored in the flat with only god-awful Kiwi TV for comfort.

Went to Te Papa, the free national museum, over the weekend. Throughly impressed and entertained and we couldn't even manage to see everything we wanted to in one day. We've got plans to see a play at one of Wellington's many theatres this weekend and start exploring the pubs and bars in Courtenay Place, the main entertainment street. Fingers crossed I'll have something to celebrate!"
2001/05/panics-over-depressions-over-and-alls,2001-05-12T00:00:00Z,?,1540,"Panic's over, depression's over and all's okay again.  Started my new job at Morse Media, a funky web design/development company in the centre of Wellington.  It's quite a small company with just four full-time employees but everyone's really nice, they're excellent designers and know what they're talking about.  My main work's going to be ColdFusion development on their Kiwi music portal, nzmusic.com and help them scale up the database.  It's provisionally for a week's trial but hopefully I'll have done enough to extend my contract.  They're all music nuts and my lack of Kiwi music knowledge is a bit embarrassing.  Need to find out about Shihad, Weta and the rest of them to stop being the ignorant foreigner I am!

Sue's also got a new job and has turned the tables on me by working on the 22nd floor of one of the biggest buildings in the city.  Cow.  She's working for State Insurance doing marketing and PR with her own Spectacular View over the harbour.  Think she's a bit daunted, having never done anything like it before, but I'm sure she'll be able to handle it.  Clever girl, my Sue!

The good news is that the FA Cup Final (Arsenal v Liverpool) is live on terrestial TV tonight; the bad news is that the kick-off's 2am, NZ time.  Think I'm going to have to overdose on caffeine to get through the night!  Was cheesily wearing my Arsenal shirt around town today, walked into a record shop and was inevitably served by a ""cheeky"" scouser.  Made sure to check he hadn't nicked the CD from inside the case. Come on you Reds!"
2001/05/football-is-cruel-mistress-that,2001-05-22T00:00:00Z,?,1056,"Football is a cruel mistress that continues to snatch my dreams away from me right at the death. Stupid twats.

So much to do with nzmusic.com which I'll be helping to rebuild over the next four months. It's the sort of project I've always wanted to get my teeth into so it's about time I started putting my money where my mouth is.

Sue and I made it to a gig on Friday night - my first in far too long - at the local university. We'd had a few beers with Joanna and Richard (who's in the capital for a few days) and only caught the excellent end of second-billing Garageland (Kiwi). Headliners Superjesus (Aussie) were shit but we still had a good night, blagging ourselves backstage and then into the City with Marystaple and new workmates, Dusty and Teina (who are doing their new video), to the Matterhorn. A little bit pissed, I was introduced to Garageland's singer who didn't seem to mind when I gushed and told him that I loved, ""that Tinderbox song,"" which is actually called ""Fingerpops"".

Remember, children, you're representing your country..."
2001/06/god-its-cold-here,2001-06-01T00:00:00Z,?,1217,"God it's cold here. For some reason when we were planning our route through New Zealand we decided to move nearer the Antarctic for the winter.  In wouldn't be so bad except Wellington still hasn't discovered central heating. Our flat has one small heater which competes with one of Sue's fags to be the biggest heat source.

I should be looking forward to the coming long weekend but, because I'm technically a contractor, I don't get the public holiday off.  Lucky Susan's an employee and so will be putting her feet up.  It's for the Queen's birthday: a holiday that the whole Commonwealth celebrates with the odd exception of Britain. We're going out for a few tomorrow night and will have a pint for Her Maj.

Sue's just bought us NZ$90 (about thirty quid) tickets for the All Blacks v France test at the end of June which, by Sue's estimations, should guarantee us gold-plated seats and free beer. She's been threatened with the sack if she doesn't cheer for the All Blacks but then it's not exactly difficult to support any opposition playing France, is it?

Finally, good luck to everyone doing their Finals back in England. Don't stress: only a couple more weeks and you can say goodbye to education FOREVER!"
2001/06/it-was-strange-watching-my-country-re,2001-06-11T00:00:00Z,?,1194,"It was strange watching my country re-elect its government while I sat at work on the other side of the world watching the results roll in over the Internet. I didn't want to vote having been out of the country for the last seven months and in case didn't fancy any of the parties. I can only really remember the previous couple of elections well but, from an early age, an election has always to me a constant media bombardment from politicians and their party spin machines. Largely avoiding the build-up, I was thankfully spared the propaganda and personality contests.  The end result was basically a hilariously one-sided contest won by an unspectacular government completely unthreatened by its closest rival. It wasn't exactly a glowing endorsement for democracy and now Britain's got four more years of Labour government. Here's hoping there's at least one viable alternative next time round.

Best quotation of the day, though, was from an American observer on MetaFilter:

Ha Ha Ha, silly Brits! Your electoral system is charmingly quaint! Here in AMERICA, we have months of recounts to squeeze every last drop of democracy out of the ballots, ensuring that no voice goes unheard. Ha!"
2001/06/all-blacks-have-just-begun-their,2001-06-20T00:00:00Z,?,890,"The All Blacks have just begun their international season which means Kiwis can get back to their favourite passtime: watching and criticising their beloved ABs.  NZ thrashed Samoa in the first match but not well enough to stop everyone worrying about playing Argentina, let alone France at the end of the month (which Sue and I are going to).  Likely to cheer everyone up is the news that fly-half Mehrts is back on Saturday, Lomu's back on the wing and Jerry Collins is in at Number 8.

It's not hard to get swept up in a country's favourite sport, but Sue and I are trying to regain some Englishness by going to the (proper) footy tonight: NZ are playing Australia in a World Cup playoff in Wellington. Not much hype round here for such an important match - football's not really that big over here - but we're really looking forward to freezing our arses off by the sea at the Cake Tin."
2001/06/we-had-great-time-watching-nz-v,2001-06-26T00:00:00Z,?,468,"We had a great time watching NZ v Australia in the World Cup Play-Off, despite the embarrassing lack of quality on show.  Unsurprisingly the Kiwis lost and reminded me of a mid-nineties Arsenal: not very talented but hardworking and committed.  The rugby was excellent on Saturday too (with Joanna at the Backbencher) with the All Blacks thrashing Argentina and then the British Lions deservedly beating a dirty, whingeing New South Wales team. Roll on the first test!"
2001/07/this-is-starting-to-get-bit-rugby,2001-07-04T00:00:00Z,?,1315,"This is starting to get a bit rugby dominated but, hey ho, we are in Rugbyland after all.  Sue and I had a mad day on Saturday when we finally got to see the All Blacks.  We took our first train since England into Johnsonville for a pre-match house barbeque at one of Sue's workmates.  We also had our first taste of green-lipped mussels - apparently unique to NZ - which (fussy) Sue did very well not to spit in the chef's face, bless her.  She coped much better with the beer.  The atmosphere at the match was excellent even if (perhaps being slightly biased) I felt that there's more passion and noise at a Premiership match.  The French rolling over didn't exactly help fire the crowd.  Definitely worth the outrageous cost of the tickets.

We left five minutes early - shame on us, but otherwise we'd never have made it to the pub - to watch the Lions.  With more beer, a largely pro-Lions Kiwi/British crowd watched Britain (and Eire) beat them lot across the Tasman.  World champions, my arse!  Waking up on Sunday morning, we both realised exactly how much we'd enjoyed ourselves.  I'm sure our hangover recovery time is getting worse since we left uni...

Final notes - well done and congratulations to all those finalists back home who are getting their results and... where's your captain now, Scummers?!"
2001/07/less-than-four-weeks-to-go-in,2001-07-12T00:00:00Z,?,910,"Less than four weeks to go in Wellington before we leave for the South Island.  This is despite Sue's employers begging her to stay at least until Christmas and even offering to help talk me round!  She's flattered and it was quite tempting to stay - after all, we've both got good jobs we enjoy and love the place - but we'd just be delaying the inevitable and could miss graduate recruitment deadlines.  And, of course, we're missing home.

I'm really looking forward to seeing the Marystaple gig on Friday. Dusty (my boss)'s almost finished the video for their first single, Labourer, I've listened to most of their unreleased album and the whole band seems to be half living in the office at the moment so they definitely feel like ""my"" band.  They're supporting a band headed by the actor that places Marshall from Shortland Street.  Weird.  It'll kind of be like watching Tyrone from Coronation Street..."
2001/07/british-and-irish-lions-were-humbled,2001-07-24T00:00:00Z,?,608,"The British and Irish Lions were humbled in the test series in Australia; England are currently being completely annihilated in the Ashes cricket series against Australia; The Sydney Olympics were an unqualified success and Australia was just voted the second best country on Earth to live in.  Kind of makes you want to be Australian, doesn't it?  Well, I've just heard from my second/third(?) cousins from Melbourne who barely know me but have offered to meet Sue and me when we get there in September, give us somewhere to stay, show us around their city and generally take care of us.  How nice is that?!"
2001/08/weve-finally-left-wellington-so-ill,2001-08-06T00:00:00Z,?,1076,"We've finally left Wellington so I'll have no excuse for being so slack in posting to this thing.  It was a strange feeling waving goodbye to the place - we'd made friends, had cool jobs and it was very tempting to stay but it was time to move on.  It was beautiful day for the ferry trip across Cook Strait: the sea was flat and the sun was shining.  The highlight of the trip was a young German boy breaking his glasses and then running to his mother crying (what we could hear) ""my glasses are kaputt!!"".  A new word-of-the-trip has thus been coined.  

We're now staying in seaside town Picton which is strangely devoid of tourists.  We stumbled on a small pub last night with some colourful local characters.  We thankfully managed to hold on to our beers, though, when a big bloke decided to exact revenge on the floor next to us on a lad in the pub who had squirted his urchin son with a water pistol.  We left shortly afterwards.  This afternoon we're going on a walk round the 'Sounds before we set off down the West coast on the Kiwi Experience bus tomorrow morning."
2001/08/were-now-in-queenstown,2001-08-14T00:00:00Z,?,1024,"We're now in Queenstown, the bungy/jetboat/extreme capital of the Southern Hemisphere after a mad week of Kiwi Experience.  Against better judgement we did a 12000ft tandem skydive on Sunday morning, freefalling for 45 seconds.  Very strange feeling that you just can't describe but, despite being scared stupid, I want to do another just so that I can know what to expect and appreciate things like seeing the plane disappear above you so quickly. Amazing feeling.

Far too much to summarise here but... we briefly stayed in Nelson, through Westport, Greymouth, Mahinapua, Franz Josef and Wanaka, drinking too much and doing glacier walking, waterfall walks and a bizarre drag party in an Arse End Of Nowhere pub which ""specialises"" in such night for each coach-load of twentysomethings that passes through.  Met a range of (mostly English) travellers, most of whom had just arrived in the country; Sue and I are definitely the exception.  We're off to Dunedin tomorrow and then back for some skiing/snowboarding next week."
2001/08/had-quiet-couple-of-days-in-dunedin,2001-08-18T00:00:00Z,?,1161,"Had a quiet couple of days in Dunedin, picked up a sore throat, endured the Bus Driver From Hell who seemed to think his job was to point out every single farm or sheep throughout the Central Otago Region throughout a five-hour journey in one monotonous tone, did the Speights brewery tour and then came back to Queenstown.  We're now in a huge YHA full of stupidly-rich Japanese kids that are indefinitely living here and have been reportedly skiing/snowboarding for the last three months!

We did our bit to keep up with the ski set by doing a tentative ""starter day"" that involved three hours of lessons.  The Coronet Peak didn't disappoint and it even started snowing when we reached the top.  We both seemed to cope fine but Sue's definitely the ski bunny out of the two of us.  Her boundless enthusiasm even convinced us beginners to attempt the ""novice"" (ie steep slope) chair-lift track following our lessons.  Fortunately no-one was killed as young Sue wasn't quite as advanced as she thought and hurtled down on her arse through the advanced skiiers.  The rest of us thought better of it and got back on the chair-lift down!  More ski action tomorrow."
2001/08/after-progress-we-made-on-our-first,2001-08-24T00:00:00Z,?,968,"After the progress we made on our first ever day of skiing, our second day was a lot less encouraging.  After learning the basics of stopping and turning on a gentle slope, we realised that we weren't as good as we thought we were when skiing down a steeper slope.  We were itching to try the much steeper chairlift slopes but were still not good enough.  Impatient and disenchanted, we could no longer be arsed and went home.  In a huff.

Quick disclaimer: we've been in New Zealand where everything is beautiful for 10 months and so amazing feats of nature no longer excite us as they should...  On Wednesday we spent five hours travelling on a coach to and from Milford Sound which consists of enormous fjords with mountains and waterfalls on either side and you ride through it on a boat.  Ho hum.  

We're now in Christchurch which is warm, very English and very relaxing.  Flying out to Sydney on Sunday so - blimey - this could actually be my last post from NZ!"
2001/08/finally-made-it-to-sydney-hence,2001-08-28T00:00:00Z,?,1193,"Finally made it to Sydney (hence the Australian flag).  It's a big shock to the system after the slow-paced, tranquil, sedate cities of New Zealand!  We're staying in the Glebe YHA until the weekend, a little out of the centre of the city, and will spend a few days in Coogee, just along the coast.  We were couped up inside yesterday as the heavens poured all day long but we made it out this morning, walking across the city to view the obvious sites: the Opera House and the Harbour Bridge.  Wasn't too impressed with the former - big, ugly, seventies-style monstrosity that somehow rates as a ""significant"" piece of architecture.  First impressions of the city: lots and lots for tourists and backpackers and it seems like quite a cool place to live.

Much more impressive, though, was bumping into Anton Oliver (captain) and the rest of the All Blacks forwards on Manly Beach before their line-out training session.  Sue bounded over to Anton and we snapped a cheesy photo, wishing them luck on Saturday - the Tri-Nations decider against Australia.  Embarrassing, yes, but it had to be done!

Oh and we've now got a mobile phone SIM card but haven't registered the number yet.  More soon!"
2001/09/suns-finally-made-it-out-from,2001-09-02T00:00:00Z,?,624,"The sun's finally made it out from the rainclouds just as Sue and I set off on the Coogee to Bondi Beach walk.  It's basically full of beautiful people walking dogs.  Sydney's growing on us, especially Coogee where we're staying at the moment.

I think our stumbling on the All Blacks' line-out training session did them no favours; they lost in the last minutes of the Tri-Nations decider against Australia, cocking up the huge majority of their line-outs.  We watched at a Coogee pub with a strangely evenly-split crowd of Kiwis and Aussies.  Once again the ""Lucky Country"" beat another of our teams, the flamin' mongrels."
2001/09/horrific-terrorist-crisis-in-new-yorks,2001-09-13T00:00:00Z,?,1177,"The horrific terrorist crisis in New York's kind of put a big dampener on things and you feel guilty trying to have fun after all the deaths and tragedy there.  It's also quite worrying when we've got seven flights ahead of us soon, four of which are in America.  Let's hope the terrorists are captured, airport security tightened and that everything's settled.  It's just horrifying and disturbing what some will do in the name of religion.

We're now in Melbourne after a couple of days in dull, barren Canberra.  The capital's spread out with museums, government buildings and little else.  We enjoyed the war memorial and the walk up Mt Ainslie and found a great indian restaurant.  Melbourne, although not quite as funky as Sydney, is much better.  We're staying with my (second?) cousins in Glen Waverly, just outside Melbourne.  We've had dinner with my Great Aunt and Uncle who came here in the fifties and are off to the Aussie Rules Football between Richmond and Carlton on Saturday with Alastair.  Not sure of the rules - it looks like hundreds of blokes trying to mark the ball and then make drop kick goals - but it'll be good to see one Aussie team lose for once!"
2001/10/now-i-know-its-been-whole-month-since,2001-10-06T00:00:00Z,?,2013,"Now, I know it's been a whole month since I last posted here but we've just come from Fiji where Internet facilities are completely non-existent.  We spent two nights by the airport in Nadi at a great little beach-side resort.  Lots of young backpackers who spend a night there before heading off to an island or to the coral coast.  We moved on to the latter and stayed at a disappointing place called Vakaviti.  You know it's a bad idea when you see a For Sale sign outside and find the bar and restaurant shut.  Nevertheless, it's an extremely friendly country where everyone shouts, ""Bula!"" to you when they pass you on the street and quite sticky-hot.  Sue will also confirm that there's a quite a few mossies.  The local drink, Kava, looks and tastes like muddy water but is supposed to be a narcotic.  For some reason we drank quite a bit.  Half the population are fourth-generation Fijian-Indians who the bumbling British imported to work the land back in the colonial days and, as with other ex-Empire countries, this has led to the intense racism and recent military coups.  Most roads are unsealed, cows roam the streets and the taxi drivers are quite mad.  That sort of place.

And now we're in Honolulu.  A complete contrast to Fiji.  Hyper-clean and tidy but feels just like any other American city despite being miles away from contintental US.  It's the Costa Del Sol for Americans (and lots of Japanese) and stupidly expensive if you stumble into the wrong bar.  Four quid for a half of watery beer?  Um, no thanks.  To help us find somewhere cheaper, we went on an organised pub crawl night.  Despite the whooping and hollering of some of our American companions doing ""erotic"" drinking games, we had a good laugh, typically talking to the British and Irish crowd.  Tomorrow we're moving out of our cramped hostel room into a swanky sea-front appartment (courtesy of my extremely generous parents) where we intend to buy food and alcohol and barricade ourselves into an air-conditioned paradise."
2001/10/if-anyone-was-in-any-doubt-how,2001-10-11T00:00:00Z,?,762,"If anyone was in any doubt how seriously they're taking the terrorist threat over here, you only need to visit some of the major tourist attractions.  Sue and I caught the one-hour bus to Pearl Harbour yesterday with Sue carrying a little bag, cameras and not much more.  Big mistake: signs and guards everywhere warned against taking anything in with you. Despite offering to either leave the bag outside the gates with the guards or even for them to thoroughly empty and examine its contents, we were turned away and because we came by bus we couldn't exactly leave it in our car.  So we went back home.  Everyone here's so jumpy that even common sense is being set aside.  I can't really condemn that but just hope things might get a little more settled soon."
2001/10/despite-united-airlines-cocking-up-our,2001-10-16T00:00:00Z,?,457,"Despite United Airlines cocking up our seat reservations on the flight from Honolulu, we've made it okay to LA.  We're staying in West Hollywood at the Orbit Hotel which is more backpackery than swanky but close enough to the action.  Bit of a mad place, lots of nutters, smog and cars but not as intimidating as I'd expected.  Disneyland and Universal Studios are booked this week and then we've got a four-day jaunt to Las Vegas next week.  And then home!"
2001/10/not-enough-time-to-do-las-vegas-so-ill,2001-10-24T00:00:00Z,?,1145,"[Not enough time to do Las Vegas so I'll concentrate on the last week in LA]: Had a whirlwind week of theme parks, TV shows and culture.  Started with our debut appearance on US TV in the audience of the Late Late Show hosted by some unfunny, nobody comedian.  Um, our backs were clearly in view...  It was quite an eye-opener, as well as a hand-killer, as we were encouraged to whoop, holler and clap our hands until they bled.  Next was Universal Studios at which was the new Mummy Returns ""experience"".  Poor Sue was frightened by the blokes that jumped out at her in mummy costumes, much to my amusement!  ET, Back to the Future and the 3D Terminator 2 things were good as well.  We then spent a day-o-culture at the Los Angeles County Museum of Art which featured Andy Warhol exhibitions and lots of Latin American water pots.  Pat on the back for us.  Disneyland followed and saw Sue regress to a five-year-old, beating aside small children to have her picture taken with Mickey Mouse.  We then wrapped up what we'd missed at Universal on Sunday and then jetted off to Las Vegas on Monday.  More soon when Internet time isn't so expensive!"
2001/11/back-to-britain-one-year-and-week,2001-11-07T00:00:00Z,?,1281,"Back to Britain one-year-and-a-week after we left.  Las Vegas was an incomparable heady cocktail of chinking slot machines and outlandish casino hotels that was a fantastic way of rounding off the year.  We flew out for four days on the Las Vegas airline and were told our stewardesses were named Sherri, Cherri and Gerri... it's that kind of place.  We discovered, however, that gambling was shit when we wasted twenty quid by feeding the pokies for a couple of hours but the cheap accommodation and buffet food made up for it.  We were staying at Circus Circus which had 4000 cheapish rooms, a full, permanent circus and a rollercoaster inside and yet was still in the nice part of the ""Strip"".  We spent a couple of evenings wandering up towards the poncey ones like the MGM, Caesar's Palace and The Luxor but the highlight was the enormous musical water fountain in the lake outside Bellagio.  Great place for a few days but it was starting to get a bit tedious towards the end.

So, we're back home... now for the unpleasant task of finding jobs and somewhere to live.  At the risk of sounding cheesy, it's been a fantastic year, we've got lots of memories and we've met lots of great people.  I just hope this hasn't been too boring to read!  Thanks for reading, love Barryxx"
2013/09/baker-20,2013-09-19T19:11:37Z,?,613,"One of my favourite Gmail productivity hacks is to hide the inbox label with CSS. Instead of being tempted to find out what's behind the **(1)** indicator I can safely search and process through my starred items oblivious to any incoming emails.  

When I'm ready to return to the inbox I can simply press `g` then `i`.

    .LrBjie .TK .aim:nth-child(1) { display: none; }

I use [Mailplane](http://mailplaneapp.com/) to manage my Gmail accounts which helpfully supports custom CSS, although you can also use browser extensions like [Stylish](http://userstyles.org/) to apply userstyles.

*Disclaimer: This will most probably break when/if Gmail updates its design.*"
2013/09/baker-25,2013-09-20T12:40:57Z,?,360,"Our team at @globaldev are producing some superb in-depth articles right now. 

Whatever your level of Ruby you'll learn something from @matsadler 's [Ruby Tips](http://globaldev.co.uk/2013/09/ruby-tips-part-1/)  which follows his epic [Ruby 2.0.0 in Detail](http://globaldev.co.uk/2013/03/ruby-2-0-0-in-detail/) from earlier in the year.

Meanwhile @james_allardice delves into the many changes in [ECMAScript 6](http://globaldev.co.uk/2013/09/es6-part-1/) (aka JavaScript). The days of rollover JS are long gone."
2013/09/baker-33,2013-09-25T15:26:56Z,?,453,"I think I'll need to hide replies on my homepage posts list. It can get a bit noisy when I'm in a conversation on Twitter and my own public content slips down the page. 

Perhaps I should move replies to a dedicated [replies page](http://aaronparecki.com/replies) like [Aaron Parecki](http://aaronparecki.com) has?

The mixed public/replies approach is actually something I dislike when visiting profiles on Twitter: I want to see what people are sharing, not (only) their replies to others.

**Update, 9pm**: [Done](/replies)."
2013/10/baker-44,2013-10-10T14:42:34Z,?,763,"[Mike Elgan on the future of FaceTime, including how FaceTime Audio should override voice calls like iMessage does for SMS](http://www.cultofmac.com/247673/why-its-time-for-apple-to-open-facetime/) 

> From the user’s perspective, FaceTime should work like iMessage. If Apple did it right, you’d be able to simply use it to make all your calls — video and audio. If the person you’re calling has FaceTime, great! If they don’t, that should be when the phone fails over to either the regular carrier’s phone system or another VoIP alternative. Or, it would connect to the other user’s FaceTime-compatible app.

(via [Ben Brooks](http://brooksreview.net/2013/10/why-its-time-for-apple-to-open-facetime/))

[I thought the same last year](https://twitter.com/barryf/statuses/175168677170266112) while at the [Mobile World Congress](http://www.mobileworldcongress.com). We should focus on making experiences seamless so users don't need to think about the underlying technology, just the action they're trying to do."
2013/10/baker-60,2013-10-23T15:46:00Z,?,370,"[Amber Case](http://caseorganic.com/) [talks](http://caseorganic.com/notes/2013/10/22/2/realtimeconf-indieweb-ownyourdata) about the #indieweb at #realtimeconf covering the origins of the community and exactly why you should want to own your own data too. Inspiring stuff and reminds me to get back to hacking on #baker

<iframe src=""//player.vimeo.com/video/77352414"" width=""588"" height=""330"" frameborder=""0"" webkitallowfullscreen mozallowfullscreen allowfullscreen></iframe>"
2013/11/baker-63,2013-11-06T13:39:32Z,?,340,"[Can UK economy stay top of the league?](http://www.bbc.co.uk/news/business-24833200)

[Robert Peston](https://twitter.com/peston) with an entertaining comparison of the recent upturn in the UK economy with Arsenal's ascent to the top of the league. Arsenal answered fan discontent by signing Özil while the government boosted confidence through the Help to Buy scheme. 

We just need to buy a striker/get a new PM..."
2013/11/baker-66,2013-11-15T13:53:08Z,?,302,"Mobile is eating the world (Autumn 2013 edition). [Benedict Evans](https://twitter.com/BenedictEvans)' superb, stats-rich mobile industry review.

<iframe src=""https://www.slideshare.net/slideshow/embed_code/27942699?rel=0"" width=""510"" height=""420"" frameborder=""0"" marginwidth=""0"" marginheight=""0"" scrolling=""no"" allowfullscreen> </iframe>"
2014/01/baker-82,2014-01-22T13:47:29Z,?,365,"[How a Math Genius Hacked OkCupid to Find True Love](http://www.wired.com/wiredscience/2014/01/how-to-hack-okcupid/)

Entertaining story behind how someone hacked/engineered his OkCupid profile to be compatible with as many women as possible. But it didn't guarantee him success in the real world: only after 88 meet-ups did he progress beyond a third date.

I'm also pretty sure he breached OkCupid's terms of use by doing this :)"
2014/02/baker-83,2014-02-05T17:20:47Z,?,1293,"[Browser, operating system and screen resolution data for GOV.UK](https://gds.blog.gov.uk/2014/01/28/browser-operating-system-and-screen-resolution-data-for-gov-uk/)

For people (like me) who [develop services](http://whitelabeldating.com) where most of the audience is UK-based and *non-technical*, the GOV.UK OS and browser usage statistics are especially interesting to read. 

The growth of mobile/tablet share vs desktop isn't a surprise but it's the continuing strong growth of iOS, despite the handset dominance of Android, that is worth noting. We clearly echo the behaviour observed in the US where [iOS users browse more](http://appleinsider.com/articles/13/09/06/apples-ios-grows-mobile-browsing-share-in-us-to-dominant-65). 

It's also clear from the handset breakdown that, in the UK at least, Android is largely synonymous with Samsung.

> Again the story here is the rapid rise of “portrait” smartphone screen resolutions such as 768×1024 at the expense of traditional “landscape” desktop resolutions. Further evidence of the rapid shift to a wider variety of screen sizes [as mobile device use takes off](http://gds.blog.gov.uk/2014/01/08/when-will-more-people-visit-gov-uk-using-a-mobile-or-tablet-than-a-pc/).

Portrait orientation screens  using 768×1024 resolution (probably tablets) now make up over 10% of their audience, higher than the common laptop screen size of 1280×800. If your site isn't adaptive/responsive and you've designed for a >1,000 width screen you're failing your visitors.

> OS usage: BlackBerry 0.7%

Lastly, thankfully, I think it's time to retire the BlackBerrys from our mobile testing suite."
2014/02/baker-87,2014-02-19T15:54:58Z,?,469,"[Stewart Lee's Comedy Vehicle series 3 begins on BBC2 on 1st March](http://www.stewartlee.co.uk/latestnews.php)

And just as exciting is the news that Chris Morris will be appearing as the interviewer. He did a charming off-the-cuff intro for Stewart at last week's Royal Festival Hall show and I was hoping he might be involved in the TV series. A perfect replacement for Armando Iannucci. 

Update: The Guardian (or at least the headline-writer) goes so far as to say that the Chris Morris ""[comeback starts here](http://www.theguardian.com/stage/2014/feb/20/chris-morris-comeback-stewart-lee-comedy-vehicle)""."
2014/03/baker-89,2014-03-14T16:31:30Z,?,526,"Introducing [tickbot](https://github.com/barryf/tickbot):

Tickbot is a very simple app/script that reminds our [team](http://globaldev.co.uk/team) in [Slack](https://slack.com) to do their time tracking in [Tick](http://www.tickspot.com) and cheerfully name-and-shames those who forgot the next morning. 

It's clever enough to adapt to weekends and UK bank holidays so people aren't incorrectly nagged.

I'm pleased to report that while our team have already started to curse tickbot when he badgers them, so far no one has forgotten to submit their time. Well done, tickbot.

The [source](https://github.com/barryf/tickbot) is available on GitHub if you'd like to poke around."
2014/03/baker-90,2014-03-14T17:04:00Z,?,827,"[Homebrew Website Club comes to London](http://indiewebcamp.com/events/2014-03-19-homebrew-website-club)

> Are you building your own website? Indie reader? Personal publishing web app? Or some other digital magic-cloud proxy? If so, come on by and join a gathering of people with likeminded interests. Bring your friends that want to start a personal web site. Exchange information, swap ideas, talk shop, help work on a project, whatever...

As part of a deliberate attempt to attend more meet-ups I'm heading to next week's inaugural London meet-up of the Homebrew Website Club, an offshoot of the [IndieWeb](http://indiewebcamp.com) movement. 

As the mission statement above suggests, it promises to be an opportunity to show others how I've built this thing and discuss ideas on how personal websites could develop. 

If like me you're interested in this kind of stuff then [add yourself to the list](http://indiewebcamp.com/events/2014-03-19-homebrew-website-club) and come along."
2014/03/baker-91,2014-03-20T11:23:00Z,?,637,"Last night was the first [London Homebrew Website Club](http://indiewebcamp.com/events/2014-03-19-homebrew-website-club) meetup. I said a few words about this site and touched on some of the IndieWeb concepts I've been experimenting with, which seemed to go well. Strong turnout of about a dozen people: some completely new to the ideas and others who have been involved with the community for a while. 

And good to swap notes afterwards with [Glenn Jones](http://glennjones.net) who demonstrated his work-in-progress [Transmat](http://transmat.io) platform and to see some of the location functionality under the hood of [Tom Morris](http://tommorris.org)'s site. Checkins may be the next item type I add.

Thanks to [Chris Roos](http://chrisroos.co.uk) and Tom for organising.

[My slides on Baker](https://www.dropbox.com/s/9n2vuh26xcw4lb4/homebrew_baker_2014-03-19.pdf)."
2014/03/baker-93,2014-03-27T17:06:28Z,?,997,"Twitter have recently announced changes to support [multiple photos per tweet and tagging of people in photos](https://blog.twitter.com/2014/photos-just-got-more-social), changes that bring their service even closer to Facebook/Instagram.

What saddens me is the continued shift away from the original concept of a tweet being entirely encapsulated within 140 characters to fit neatly in a SMS. It's easy to see why, but photos and tagged users will be hidden in a tweet's metadata rather than being part of its body. 

It's expected that [Twitter will include the new features in the public API](https://twitter.com/TwitterDev/status/448927367369457664) but what else is being planned?

> Twitter's @vivian calls hashtags & @s ""arcane"": ""We are working on moving the scaffolding of twitter into the background"" @cwarzel 

As the above [tweet suggests](https://twitter.com/BuzzFeedBen/status/445580097475448832), other non-text cruft may also be on the way out. If so it'll be a shame. It's arguably a welcome move for Twitter's new users to lower the barrier to entry and bring it closer to Facebook, but I'll miss the 1:1 relationship between a tweet's content and its meaning."
2014/04/baker-96,2014-04-01T12:43:33Z,?,311,"Yes! BT has accepted my order for its FTTC broadband, now available in Virginia Water. I'll soon be improving on my 2Mbit/s to ~40Mbit/s.

*Update (2014-04-22): Up-and-running, but only after a cocked-up cabinet activation by an incompetent Openreach engineer that left me without broadband at home for 8 days.*"
2014/05/baker-101,2014-05-15T12:31:46Z,?,316,"After a happy period using [Rdio](http://www.rdio.com) I've switched back to Spotify for all my music listening needs. Despite a much larger catalogue, the killer feature Spotify lacked was a collection of albums, something Rdio's UI manages very well. But with its new(ish) reboot, [Spotify now supports how I want to play music](http://news.spotify.com/uk/2014/04/02/spotify-paints-it-black-with-new-look/). Switched."
2014/09/baker-108,2014-09-11T12:46:17Z,?,376,"Site update: I now secure all content on here with [SSL](http://ssllabs.com/ssltest/analyze.html?d=barryfrost.com), including the admin/posting interface. 

Unless I've missed any hard-coded URLs, everything should be served via *https* meaning there's a little green lock icon in your address bar (depending on your browser).

I've also been dabbling with [Micropub](http://indiewebcamp.com/micropub) to support external posting from tools like [Quill](http://quill.p3k.io/). More on that later."
2015/01/a-new-site,2015-01-04T21:14:57Z,?,1052,"And so it's time to launch a new version of my personal website, https://barryfrost.com. Over the last few weeks I've been building this new platform from scratch with a few new key aims:

1. Hosting all of my 10+ years of Pinboard/Delicious bookmarks, Twitter tweets and blog articles
1. Sending replies, reposts and likes to IndieWeb sites and silos like Instagram
1. Store all my content in files rather than in a database but cache/index using SQL/NoSQL
1. Exposing a [Micropub](http://indiewebcamp.com/micropub) endpoint for creating new content
1. Displaying reply/repost/like contexts above posts
1. Bringing my software up-to-date with [IndieWeb](http://indiewebcamp.com) technologies
1. Learning how to set up my server/VPS from scratch, rather than relying on Heroku 

My last system #Baker offered a partial implementation of [webmentions](http://indiewebcamp.com/webmention) and syndications but was buggy and broken in places. My Microformats markup was also flaky. Hopefully this new attempt is a little more robust. Fuller details are in the [colophon](/colophon).

So kick the tyres, send this post a webmention from your site or respond on Twitter."
2015/01/new-feature-on-this-site-courtesy,2015-01-11T12:27:37Z,?,498,"New feature on this site courtesy of [Bridgy](https://www.brid.gy): I can now ""like"" photos on Instagram. Using [Quill](http://quill.p3k.io) I first post a like to an Instagram photo's permalink. This is then sent to my site's endpoint which creates the page and sends a webmention for Bridgy to notify Instagram. Meanwhile my site grabs the image thumbnail and title to display on my site. 

For example: here's a like from this morning: https://barryfrost.com/2015/01/11-084931

All very easy. I just glue together the loosely coupled pieces."
2015/01/a-few-small-site-updates-this,2015-01-26T22:01:11Z,?,332,"A few small site updates this evening. I've updated my Micropub syndication handling to work with PHP-style arrays as per [Aaron](http://aaronparecki.com)'s [new approach](https://github.com/aaronpk/Quill/commit/1c4bf54da4ca2419598a8cb541b3cb3737452aab).

Secondly, after a few garbled webmentions, I've switched away from the [Ruby Microformats 2 parser](https://github.com/G5/microformats2) to use the [PHP library](https://github.com/indieweb/php-mf2/) which seems to be more complete, especially for nested attributes."
2015/03/reaction-in-the-guardian-to-tinder,2015-03-04T14:22:37Z,?,603,"[Reaction in the Guardian to Tinder's new Plus tier:](http://www.theguardian.com/commentisfree/2015/mar/04/tinder-limit-users-over-30-limit-creeps)

> I probably wouldn’t pay $19.99 a month (the senior anti-discount for Tinder Plus) just for the privilege of getting take-backs on my mistaken swipes. But I’d pay extra to be an over-30 on Tinder if it meant I had an option where under-30s couldn’t interact with me.

There's still plenty of room in the dating market beyond Tinder and free sites for those wiling to pay for a better experience on a specialised site. Choosing a site dedicated to a specific age range will filter out the ""creeps"" you don't want to hear from.

(Disclaimer: [day job](http://whitelabeldating.com))."
2015/03/this-week-while-in-boston-i,2015-03-21T22:51:20Z,?,549,"This week, while in Boston, I finally attended my first #indiewebcamp -- two days of sharing, hacking and working on projects with some lovely, friendly people to help further the independent web. 

Getting back to building stuff was so rewarding personally, especially getting feedback from web legend [Tantek Çelik](http://tantek.com) and [others](http://indiewebcamp.com/2015/Cambridge/Guest_List) also trying to solve the same problems. 

Thanks to the organisers, [Ben](http://ben.thatmustbe.me/) and [David](https://david.shanske.com/), and all the other attendees who made a British part-time developer feel welcome and renewed my passion to keep coding. Until the next IWC."
2015/04/here-s-a-video-of-the,2015-04-17T12:52:48Z,?,669,"Here's a video of the Tech Talk I presented last month to my [globaldev team](http://globaldev.co.uk) on the #indieweb and why I believe it's important that you #ownyourdata

<iframe src=""https://player.vimeo.com/video/125167234"" width=""500"" height=""281"" frameborder=""0"" webkitallowfullscreen mozallowfullscreen allowfullscreen></iframe>
&nbsp;

Update: [slides are now on SpeakerDeck](https://speakerdeck.com/barryf/why-we-need-the-indieweb):

<script async class=""speakerdeck-embed"" data-id=""3389da67a8d24afbbb34f04428716b95"" data-ratio=""1.77777777777778"" src=""//speakerdeck.com/assets/embed.js""></script>
&nbsp;

My talk and the content is based on and inspired by the work of the [Indieweb community](http://indiewebcamp.com) and is licensed with a [CC0 Public Domain](https://creativecommons.org/publicdomain/zero/1.0/) licence."
2015/05/in-september-2006-i-posted-one,2015-05-12T10:51:25Z,?,574,"In September 2006 I posted one of the first ever tweets about [Arsenal Football Club](http://arsenal.com), lamenting my team's fondness for [always trying to walk it in](https://www.youtube.com/watch?v=gWJIQm9qH-w) after watching a [frustrating draw with Middlesborough](http://www.arsenal.com/news/news-archive/wenger-we-put-ourselves-in-trouble-) at The Emirates.

https://barryf.s3-eu-west-1.amazonaws.com/perfect-goal.png

Every now and again someone rediscovers it and I get a barrage of retweets and replies, some polite, others from goading fans of other teams seeing the activity and incorrectly assuming I'm talking about the current team. 

So reluctantly I've deleted the tweet and my phone is silent once more."
2015/05/the-waterloo-bridge-handicap-https-youtu,2015-05-13T13:11:22Z,?,430,"""The Waterloo Bridge Handicap""

https://youtu.be/xqMMRvQnzsY?t=10m30s (race commentary from 10m30s)

Love this clip of Leonard Rossiter 'racing' other commuters which was played on the screen at [last night's Belle and Sebastian gig](/2015/05/superb-belle-and-sebastian-gig-tonight). The race follows the same route I take when working in our London office. I also always end up pretend-racing others walking across the bridge up to the Strand. I wonder if they're also in on it?"
2015/05/mg-siegler-on-facebook-s-instant,2015-05-15T13:13:25Z,?,396,"[MG Siegler on Facebook's Instant Articles](https://500ish.com/facebook-instant-karma-4a4bd4f3eca):

> Facebook has put everyone else on notice. Your content better load fast or you’re screwed.

While I'm not overly keen on the prospect of content moving within Facebook's walled garden, if it means existing news sites have to up their game and improve their dog-slow, bloated, marketing-led, advert-riddled mobile web experiences then we all benefit."
2015/08/blurring-is-the-auto-tune-of,2015-08-14T11:16:38Z,?,308,"""[Blurring Is the Auto-Tune of UI Design, and Other Things We Thought About While Designing Wildcard 2.0](http://www.subtraction.com/2015/08/11/blurring-is-the-auto-tune-of-ui-design/)"". 

I love how the Wildcard team have made the effort to sweat the details to ensure their app stands out. In an increasingly competitive app marketplace this sort of focus on interaction design is vital."
2015/08/ofcom-smartphones-are-now-the-most,2015-08-18T12:28:12Z,?,405,"[Ofcom: Smartphones are now the most important internet device in UK](http://techcrunch.com/2015/08/06/u-k-web-users-now-prefer-to-do-it-with-smartphones/)

> The study found that a third (33 percent) of U.K. Internet users now view their smartphones as an important device for going online, compared to 30 percent who are still sticking with their laptops [...] Two-thirds (66 percent) of people in the U.K. now own a smartphone, with Brits’ using their mobiles for nearly two hours per day."
2015/11/a-few-notes-on-fatherhood-after,2015-11-01T18:35:30Z,?,711,"A few notes on fatherhood after my first week:

- Even though I was warned I still took sleep for granted.
- Changing a dirty nappy really is no big deal. But he soils them almost as quickly as I change them.
- It's impossible to have too many vests or baby-gros.
- Ditto nappies and water wipes. The magic [nappy bin](http://www.tommeetippee.co.uk/product/nappy-disposal-system/) is my friend.
- Muslins, cloths or wipes must be within reach at all times or else.
- For now he really does just want to feed, nap and poo all day long.
- My wife does the feeding so I do the housework. And quite right too.
- Leaving the house to drive to the supermarket was momentous.
- He may have irrevocably changed our lives and we may never sleep uninterrupted again but he's worth it.
"
2016/01/the-old-guard-https-medium-com,2016-01-27T17:45:06Z,?,382,"""The Old Guard"": https://medium.com/rands/the-old-guard-efb831fd9cf6

> The Old Guard recognizes there’s simply too much to do and there is no way the expertise now needed to evolve is under the roof. The problem is these new hires are a cure to a disease that the Old Guard both created and loves.

@rands on some very familiar issues facing companies that grow past ~100 people."
2016/04/this-is-my-test-post-for,2016-04-22T11:17:29Z,?,823,"This is my test post for [webmention.rocks](https://webmention.rocks)! Posted using my own #indieweb server. Webmentions sent using the [mention-client-ruby](https://github.com/indieweb/mention-client-ruby) library.

https://webmention.rocks/test/1
https://webmention.rocks/test/2
https://webmention.rocks/test/3
https://webmention.rocks/test/4
https://webmention.rocks/test/5
https://webmention.rocks/test/6
https://webmention.rocks/test/7
https://webmention.rocks/test/8
https://webmention.rocks/test/9
https://webmention.rocks/test/10
https://webmention.rocks/test/11
https://webmention.rocks/test/12
https://webmention.rocks/test/13
https://webmention.rocks/test/14
https://webmention.rocks/test/15
https://webmention.rocks/test/16
https://webmention.rocks/test/17
https://webmention.rocks/test/18
https://webmention.rocks/test/19
https://webmention.rocks/test/20
https://webmention.rocks/test/21"
2016/05/nice-pricing-change-s-from-heroku,2016-05-18T15:47:55Z,?,329,"Nice pricing change(s) from @heroku: free SSL beta and dyno hour flexibility https://blog.heroku.com/archives/2016/5/18/announcing_heroku_free_ssl_beta_and_flexible_dyno_hours

Using Heroku for a custom domain with SSL suddenly became much more attractive (and affordable), especially for people running personal #indieweb sites."
2016/11/so-i-ve-been-hacking-away,2016-11-07T11:49:37Z,?,561,"So I've been hacking away for a couple of months but I think I'm almost there with my new personal website/engine.

My aim has been to rebuild to support the latest [Micropub draft specification](http://micropub.net/draft/), including full edits and deletes/undeletes via JSON, and pass the Micropub.rocks and Webmention.rocks test suites. 

I'm now at 100% for both and I suppose all that's left is to refactor a tiny bit, import my content, write it up and then push it live. It's tempting to keep tinkering but I think I'll learn more from selfdogfooding and getting it out in the wild."
2017/07/homebrew-website-club-london-group-photo,2017-07-12T19:12:03Z,?,40,Homebrew Website Club London group photo
2017/09/facebook,2017-09-04T18:01:25Z,?,140,I've got a new (or split test) slide-out bottom nav in Facebook. May be start of trend more suited to taller phones like the iPhone Pro/X/8?
2017/09/thomas,2017-09-29T14:42:58Z,?,321,"As the father of a Thomas-mad toddler, I enjoyed this [retrospective in the New Yorker](https://www.newyorker.com/culture/rabbit-holes/the-repressive-authoritarian-soul-of-thomas-the-tank-engine-and-friends), especially how it remembers the incredibly dark episode where the Fat Controller bricks up a rain-shy Henry in a tunnel:

> We shall take away your rails, and leave you here for always and always and always

![Bricked-up Henry](https://barryf.s3.amazonaws.com/bricked-up-henry.jpg)

Brutal."
2017/12/vomit,2017-12-27T16:34:18Z,?,256,"Way back in 2006, long before Slack, a few colleagues and I ran a little tumblelog/microblog at the very cool URL vom.it (sadly no longer live) to share the interesting stuff we'd found. I especially liked the way posts and comments were presented inline."
2018/01/arsenal-amazon,2018-01-19T14:39:45Z,?,98,You know it's bad for your football club when you're getting trolled by Amazon's marketing team...
2018/05/aws-summit,2018-05-09T18:36:37Z,?,101,Spent the afternoon at the AWS Builders’ Day in London learning about Serverless. Believing the hype.
2019/06/back-at-hwc-london-for-the,2019-06-12T19:29:01Z,?,428,"Back at HWC London for the first time in a long long while, and thinking about making some changes around this place. While a Big Rewrite is clearly a Bad Thing, I've been looking for a reason to brush up on Node and wean myself off Ruby. Building a new home for myself is quite appealing. And with the [Brighton 2019 IndieWebCamp](https://indieweb.org/2019/Brighton) coming up in October perhaps that's a reasonable target to aim for in terms of a (rough) new site."
2020/03/this-weekend-s-indiewebcamp-in-london,2020-03-13T17:11:06Z,?,449,"This weekend's [IndieWebCamp in London](https://2020.indieweb.org/london) has sensibly been switched to online-only because of the current health concerns. 

A big well done to the organisers, [Cheuk](https://cheuk.dev/), [Calum](https://calumryan.com/) and [Ana](https://ohhelloana.blog/), for their initial attempts to keep it going and then swiftly reconfiguring for an online event. Communication with attendees during the week has been exemplary. 

I'm very much looking forward to joining tomorrow's sessions from the comfort and safety of my home office."
2020/08/source-control-in-the-1980s-using,2020-08-21T14:37:14Z,?,724,"Source control in the 1980s using a pink dinosaur, part of [Paul Fellows' tales of Acornsoft, Arthur and RISC OS](http://www.rougol.jellybaby.net/meetings/2012/PaulFellows/):

> We had 7 or 8 guys trying to write an operating system to go into a ROM, so you've got to get it right, and they're all doing different bits of it and some of these share system files. No CVS, no source control, no Sourcesafe, none of that. The solution was the main system header file with all the constants, SWI numbers and addresses of everything lived in. You could edit that if you had the pink dinosaur on your desk. If you did not have the pink dinosaur on your desk you could not edit it. If you edited it without the pink dinosaur, my Australian friend, Brian Cockburn, would come round and see you."
2021/01/channel,2021-01-31T19:52:09Z,?,327,"[Micropublish](https://micropublish.net) now supports the [proposed](https://github.com/indieweb/micropub-extensions/issues/40) Micropub extension for Channels. If your server's endpoint responds to `?q=channel`, or your config has a `channel` property, you can use the new field.

While my current site doesn't use channels, I've designed page management in my new, work-in-progress server to use the new proposal."
2021/04/easter-chick-brings-the-good-stuff,2021-04-04T11:31:27.962Z,?,34,Easter chick brings the good stuff
2021/11/this-three-part-podcast-from-devleadership,2021-11-09T13:43:15.492Z,?,303,"This three-part podcast from @devleadership_ on engineering leadership roles is well worth queueing up. Plenty of takeaways from Jason Warner (@jasoncwarner) and Eiso Kant (@eisokant). 

https://podcasts.apple.com/gb/podcast/episode-6-a-deep-dive-into-engineering-leadership/id1575893623?i=1000536149069"
2023/01/i-d-love-to-swap-my,2023-01-20T09:56:19.635Z,?,672,"I'd love to swap my Echo devices for HomePods, especially the new full-size ones, for privacy and HomeKit ecosystem reasons, but they're not quite there for me. I can live with Siri being inferior to Alexa or Google Assistant for searches, but I need these:

1. BBC radio apps (or native support) so I can say ""Play Radio 4"" or ""Play 6 Music"". This is probably 80% of my use of the Echo in the kitchen. 
2. Full Spotify Connect so I can resume or control playback from my laptop or phone. AirPlaying audio means I need to keep the streaming device awake and in range.

I don't need a fart app (my kids' favourite) or the thousands of other Alexa Skills, just these basics."
2023/03/i-got-access-to-the-bluesky,2023-03-07T17:48:42.082Z,?,378,"I got access to the [Bluesky](https://blueskyweb.xyz) private beta (thanks [Ryan](https://snarfed.org)!) and have been kicking the iOS app's tyres. The app experience is basic but familiar. You can clearly see its Twitter roots. I was also pleased to be able to follow [Aaron's guide](https://aaronparecki.com/2023/03/07/3/bluesky-custom-domain) to using my personal domain as my handle. 

The [AT Protocol](https://atproto.com) is also nicely designed. The federated social network world is certainly heating up."
2023/03/i-ve-been-checking-out-zed,2023-03-13T10:23:33.645Z,?,501,"I've been checking out Zed - https://zed.dev - a new super-fast, multiplayer code editor.

I know editors are a deeply person thing, but I only lightly tinker with editor settings and hope for sensible defaults. Zed ticks the boxes for me. I'm impressed: it's fast, minimal and the developers seem receptive to the community at https://github.com/zed-industries/community

It's currently in alpha, but I've (currently) got invite codes if you'd like to kick the tyres - https://barryfrost.com/contact
"
2023/08/i-now-have-bridgy-fed-https,2023-08-21T08:46:39.381Z,?,458,"I now have Bridgy Fed (https://fed.brid.gy) set up on my website. It does all the heavy lifting so that websites can be a part of the Fediverse. While I was aware of Bridgy Fed I hadn't quite understood it. A few minutes with Ryan's docs and all became clear.

My content should now automatically federate to `@barry@barryfrost.com`. I'm still using my `@barryf@mastodon.social` account for reading my feed in Mastodon clients, but I intend to switch over.

"
2024/04/val-town-raises-seed-round-https,2024-04-09T21:47:45.630Z,?,367,"[Val Town raises seed round](https://blog.val.town/blog/seed/).

I love the idea behind Val Town: it hosts serverless functions for simple APIs or scheduled tasks. I use it to scrape my local council’s waste collection page and return an ICS file that I can subscribe to from my calendar app so that I know which colour bin is being collected on which day. 

I need to think up other little uses for it."
2024/04/vpee,2024-04-13T11:46:11.363Z,?,355,"I've been at Altium almost a year leading our R&D teams in Cambridge and I'm now starting a new role. I'll be working with our enterprise sales teams, R&D and customers as VP Enterprise Engineering. 

It's a new concept for me and I've got much to learn but I'm feeling positive about using my experience in delivery and planning and trying something new."